obj_id,class_name,img_path,target
0,Albov_NA,/home/jovyan/work/images/Albov_NA/0.jpg,0
1,Albov_NA,onlyfaces/1.jpg,0
4,Albov_NA,/home/jovyan/work/images/Albov_NA/101.jpg,0
5,Albov_NA,/home/jovyan/work/images/Albov_NA/102.jpg,0
6,Albov_NA,/home/jovyan/work/images/Albov_NA/103.jpg,0
8,Albov_NA,/home/jovyan/work/images/Albov_NA/105.jpg,0
10,Albov_NA,onlyfaces/10.jpg,0
11,Albov_NA,/home/jovyan/work/images/Albov_NA/108.jpg,0
13,Albov_NA,/home/jovyan/work/images/Albov_NA/11.jpg,0
14,Albov_NA,/home/jovyan/work/images/Albov_NA/110.jpg,0
15,Albov_NA,/home/jovyan/work/images/Albov_NA/111.jpg,0
16,Albov_NA,/home/jovyan/work/images/Albov_NA/112.jpg,0
17,Albov_NA,onlyfaces/17.jpg,0
18,Albov_NA,onlyfaces/18.jpg,0
19,Albov_NA,/home/jovyan/work/images/Albov_NA/115.jpg,0
20,Albov_NA,onlyfaces/20.jpg,0
21,Albov_NA,onlyfaces/21.jpg,0
22,Albov_NA,/home/jovyan/work/images/Albov_NA/118.jpg,0
23,Albov_NA,onlyfaces/23.jpg,0
24,Albov_NA,onlyfaces/24.jpg,0
25,Albov_NA,/home/jovyan/work/images/Albov_NA/120.jpg,0
26,Albov_NA,/home/jovyan/work/images/Albov_NA/121.jpg,0
27,Albov_NA,/home/jovyan/work/images/Albov_NA/122.jpg,0
28,Albov_NA,/home/jovyan/work/images/Albov_NA/123.jpg,0
29,Albov_NA,/home/jovyan/work/images/Albov_NA/124.jpg,0
30,Albov_NA,/home/jovyan/work/images/Albov_NA/125.jpg,0
31,Albov_NA,/home/jovyan/work/images/Albov_NA/126.jpg,0
32,Albov_NA,/home/jovyan/work/images/Albov_NA/127.jpg,0
34,Albov_NA,onlyfaces/34.jpg,0
36,Albov_NA,onlyfaces/36.jpg,0
37,Albov_NA,/home/jovyan/work/images/Albov_NA/131.jpg,0
39,Albov_NA,/home/jovyan/work/images/Albov_NA/133.jpg,0
40,Albov_NA,/home/jovyan/work/images/Albov_NA/134.jpg,0
42,Albov_NA,/home/jovyan/work/images/Albov_NA/136.jpg,0
43,Albov_NA,/home/jovyan/work/images/Albov_NA/137.jpg,0
44,Albov_NA,/home/jovyan/work/images/Albov_NA/138.jpg,0
47,Albov_NA,/home/jovyan/work/images/Albov_NA/141.jpg,0
48,Albov_NA,/home/jovyan/work/images/Albov_NA/142.jpg,0
49,Albov_NA,/home/jovyan/work/images/Albov_NA/143.jpg,0
50,Albov_NA,/home/jovyan/work/images/Albov_NA/144.jpg,0
51,Albov_NA,/home/jovyan/work/images/Albov_NA/145.jpg,0
52,Albov_NA,/home/jovyan/work/images/Albov_NA/146.jpg,0
53,Albov_NA,/home/jovyan/work/images/Albov_NA/147.jpg,0
54,Albov_NA,/home/jovyan/work/images/Albov_NA/148.jpg,0
57,Albov_NA,/home/jovyan/work/images/Albov_NA/150.jpg,0
59,Albov_NA,/home/jovyan/work/images/Albov_NA/152.jpg,0
60,Albov_NA,/home/jovyan/work/images/Albov_NA/153.jpg,0
61,Albov_NA,onlyfaces/61.jpg,0
64,Albov_NA,onlyfaces/64.jpg,0
66,Albov_NA,onlyfaces/66.jpg,0
67,Albov_NA,onlyfaces/67.jpg,0
68,Albov_NA,onlyfaces/68.jpg,0
70,Albov_NA,onlyfaces/70.jpg,0
72,Albov_NA,onlyfaces/72.jpg,0
73,Albov_NA,/home/jovyan/work/images/Albov_NA/177.jpg,0
74,Albov_NA,/home/jovyan/work/images/Albov_NA/178.jpg,0
75,Albov_NA,/home/jovyan/work/images/Albov_NA/179.jpg,0
76,Albov_NA,/home/jovyan/work/images/Albov_NA/18.jpg,0
77,Albov_NA,onlyfaces/77.jpg,0
78,Albov_NA,/home/jovyan/work/images/Albov_NA/181.jpg,0
79,Albov_NA,onlyfaces/79.jpg,0
80,Albov_NA,/home/jovyan/work/images/Albov_NA/183.jpg,0
83,Albov_NA,/home/jovyan/work/images/Albov_NA/186.jpg,0
84,Albov_NA,/home/jovyan/work/images/Albov_NA/187.jpg,0
87,Albov_NA,/home/jovyan/work/images/Albov_NA/19.jpg,0
88,Albov_NA,onlyfaces/88.jpg,0
89,Albov_NA,/home/jovyan/work/images/Albov_NA/191.jpg,0
90,Albov_NA,/home/jovyan/work/images/Albov_NA/192.jpg,0
91,Albov_NA,/home/jovyan/work/images/Albov_NA/193.jpg,0
92,Albov_NA,/home/jovyan/work/images/Albov_NA/194.jpg,0
93,Albov_NA,/home/jovyan/work/images/Albov_NA/195.jpg,0
95,Albov_NA,/home/jovyan/work/images/Albov_NA/197.jpg,0
96,Albov_NA,/home/jovyan/work/images/Albov_NA/198.jpg,0
97,Albov_NA,/home/jovyan/work/images/Albov_NA/199.jpg,0
98,Albov_NA,onlyfaces/98.jpg,0
101,Albov_NA,onlyfaces/101.jpg,0
102,Albov_NA,/home/jovyan/work/images/Albov_NA/27.jpg,0
103,Albov_NA,/home/jovyan/work/images/Albov_NA/28.jpg,0
104,Albov_NA,onlyfaces/104.jpg,0
105,Albov_NA,onlyfaces/105.jpg,0
106,Albov_NA,/home/jovyan/work/images/Albov_NA/30.jpg,0
107,Albov_NA,/home/jovyan/work/images/Albov_NA/31.jpg,0
108,Albov_NA,/home/jovyan/work/images/Albov_NA/32.jpg,0
109,Albov_NA,/home/jovyan/work/images/Albov_NA/33.jpg,0
110,Albov_NA,onlyfaces/110.jpg,0
111,Albov_NA,/home/jovyan/work/images/Albov_NA/35.jpg,0
112,Albov_NA,/home/jovyan/work/images/Albov_NA/36.jpg,0
115,Albov_NA,onlyfaces/115.jpg,0
117,Albov_NA,/home/jovyan/work/images/Albov_NA/40.jpg,0
118,Albov_NA,onlyfaces/118.jpg,0
119,Albov_NA,onlyfaces/119.jpg,0
120,Albov_NA,onlyfaces/120.jpg,0
122,Albov_NA,onlyfaces/122.jpg,0
124,Albov_NA,/home/jovyan/work/images/Albov_NA/47.jpg,0
125,Albov_NA,/home/jovyan/work/images/Albov_NA/48.jpg,0
126,Albov_NA,/home/jovyan/work/images/Albov_NA/49.jpg,0
128,Albov_NA,onlyfaces/128.jpg,0
129,Albov_NA,onlyfaces/129.jpg,0
131,Albov_NA,/home/jovyan/work/images/Albov_NA/53.jpg,0
132,Albov_NA,/home/jovyan/work/images/Albov_NA/54.jpg,0
135,Albov_NA,onlyfaces/135.jpg,0
136,Albov_NA,/home/jovyan/work/images/Albov_NA/58.jpg,0
137,Albov_NA,/home/jovyan/work/images/Albov_NA/59.jpg,0
138,Albov_NA,/home/jovyan/work/images/Albov_NA/6.jpg,0
140,Albov_NA,/home/jovyan/work/images/Albov_NA/61.jpg,0
141,Albov_NA,/home/jovyan/work/images/Albov_NA/62.jpg,0
146,Albov_NA,/home/jovyan/work/images/Albov_NA/67.jpg,0
149,Albov_NA,onlyfaces/149.jpg,0
150,Albov_NA,/home/jovyan/work/images/Albov_NA/70.jpg,0
151,Albov_NA,/home/jovyan/work/images/Albov_NA/71.jpg,0
152,Albov_NA,/home/jovyan/work/images/Albov_NA/72.jpg,0
153,Albov_NA,/home/jovyan/work/images/Albov_NA/73.jpg,0
154,Albov_NA,onlyfaces/154.jpg,0
156,Albov_NA,/home/jovyan/work/images/Albov_NA/76.jpg,0
158,Albov_NA,onlyfaces/158.jpg,0
161,Albov_NA,/home/jovyan/work/images/Albov_NA/80.jpg,0
162,Albov_NA,/home/jovyan/work/images/Albov_NA/81.jpg,0
164,Albov_NA,onlyfaces/164.jpg,0
165,Albov_NA,/home/jovyan/work/images/Albov_NA/84.jpg,0
167,Albov_NA,/home/jovyan/work/images/Albov_NA/86.jpg,0
168,Albov_NA,/home/jovyan/work/images/Albov_NA/87.jpg,0
170,Albov_NA,/home/jovyan/work/images/Albov_NA/89.jpg,0
172,Albov_NA,/home/jovyan/work/images/Albov_NA/90.jpg,0
173,Albov_NA,/home/jovyan/work/images/Albov_NA/91.jpg,0
174,Albov_NA,/home/jovyan/work/images/Albov_NA/92.jpg,0
175,Albov_NA,/home/jovyan/work/images/Albov_NA/93.jpg,0
176,Albov_NA,/home/jovyan/work/images/Albov_NA/94.jpg,0
177,Albov_NA,/home/jovyan/work/images/Albov_NA/95.jpg,0
178,Albov_NA,/home/jovyan/work/images/Albov_NA/96.jpg,0
179,Albov_NA,/home/jovyan/work/images/Albov_NA/97.jpg,0
181,Albov_NA,/home/jovyan/work/images/Albov_NA/99.jpg,0
182,Albov_NA,onlyfaces/182.jpg,0
183,Chudnov_II,onlyfaces/183.jpg,1
184,Chudnov_II,onlyfaces/184.jpg,1
185,Chudnov_II,onlyfaces/185.jpg,1
187,Chudnov_II,onlyfaces/187.jpg,1
188,Chudnov_II,onlyfaces/188.jpg,1
191,Chudnov_II,onlyfaces/191.jpg,1
192,Chudnov_II,onlyfaces/192.jpg,1
193,Chudnov_II,onlyfaces/193.jpg,1
194,Chudnov_II,onlyfaces/194.jpg,1
195,Chudnov_II,onlyfaces/195.jpg,1
197,Chudnov_II,onlyfaces/197.jpg,1
199,Chudnov_II,onlyfaces/199.jpg,1
200,Chudnov_II,onlyfaces/200.jpg,1
202,Chudnov_II,onlyfaces/202.jpg,1
203,Chudnov_II,onlyfaces/203.jpg,1
204,Chudnov_II,onlyfaces/204.jpg,1
205,Chudnov_II,onlyfaces/205.jpg,1
206,Chudnov_II,onlyfaces/206.jpg,1
207,Chudnov_II,onlyfaces/207.jpg,1
210,Chudnov_II,onlyfaces/210.jpg,1
211,Chudnov_II,onlyfaces/211.jpg,1
212,Chudnov_II,onlyfaces/212.jpg,1
213,Chudnov_II,onlyfaces/213.jpg,1
214,Chudnov_II,onlyfaces/214.jpg,1
215,Chudnov_II,onlyfaces/215.jpg,1
216,Chudnov_II,onlyfaces/216.jpg,1
217,Chudnov_II,onlyfaces/217.jpg,1
218,Chudnov_II,onlyfaces/218.jpg,1
219,Chudnov_II,onlyfaces/219.jpg,1
220,Chudnov_II,onlyfaces/220.jpg,1
221,Chudnov_II,onlyfaces/221.jpg,1
223,Chudnov_II,onlyfaces/223.jpg,1
226,Chudnov_II,onlyfaces/226.jpg,1
230,Chudnov_II,onlyfaces/230.jpg,1
231,Chudnov_II,onlyfaces/231.jpg,1
232,Chudnov_II,onlyfaces/232.jpg,1
233,Chudnov_II,onlyfaces/233.jpg,1
234,Chudnov_II,onlyfaces/234.jpg,1
235,Chudnov_II,onlyfaces/235.jpg,1
239,Chudnov_II,onlyfaces/239.jpg,1
241,Chudnov_II,onlyfaces/241.jpg,1
242,Chudnov_II,onlyfaces/242.jpg,1
243,Chudnov_II,onlyfaces/243.jpg,1
244,Chudnov_II,onlyfaces/244.jpg,1
245,Chudnov_II,onlyfaces/245.jpg,1
246,Chudnov_II,onlyfaces/246.jpg,1
247,Chudnov_II,onlyfaces/247.jpg,1
248,Chudnov_II,onlyfaces/248.jpg,1
249,Chudnov_II,onlyfaces/249.jpg,1
250,Chudnov_II,onlyfaces/250.jpg,1
251,Chudnov_II,onlyfaces/251.jpg,1
252,Chudnov_II,onlyfaces/252.jpg,1
253,Chudnov_II,onlyfaces/253.jpg,1
255,Chudnov_II,onlyfaces/255.jpg,1
257,Chudnov_II,onlyfaces/257.jpg,1
259,Chudnov_II,onlyfaces/259.jpg,1
260,Chudnov_II,onlyfaces/260.jpg,1
262,Chudnov_II,onlyfaces/262.jpg,1
264,Chudnov_II,onlyfaces/264.jpg,1
265,Chudnov_II,onlyfaces/265.jpg,1
269,Chudnov_II,onlyfaces/269.jpg,1
271,Chudnov_II,onlyfaces/271.jpg,1
275,Chudnov_II,onlyfaces/275.jpg,1
276,Chudnov_II,onlyfaces/276.jpg,1
278,Chudnov_II,onlyfaces/278.jpg,1
279,Chudnov_II,onlyfaces/279.jpg,1
280,Chudnov_II,onlyfaces/280.jpg,1
282,Chudnov_II,onlyfaces/282.jpg,1
284,Chudnov_II,onlyfaces/284.jpg,1
285,Chudnov_II,onlyfaces/285.jpg,1
286,Chudnov_II,onlyfaces/286.jpg,1
290,Chudnov_II,onlyfaces/290.jpg,1
293,Chudnov_II,onlyfaces/293.jpg,1
294,Chudnov_II,onlyfaces/294.jpg,1
295,Chudnov_II,onlyfaces/295.jpg,1
296,Chudnov_II,onlyfaces/296.jpg,1
297,Chudnov_II,onlyfaces/297.jpg,1
298,Chudnov_II,onlyfaces/298.jpg,1
299,Chudnov_II,onlyfaces/299.jpg,1
300,Chudnov_II,onlyfaces/300.jpg,1
301,Chudnov_II,onlyfaces/301.jpg,1
303,Chudnov_II,onlyfaces/303.jpg,1
304,Chudnov_II,onlyfaces/304.jpg,1
305,Chudnov_II,onlyfaces/305.jpg,1
306,Chudnov_II,onlyfaces/306.jpg,1
307,Chudnov_II,onlyfaces/307.jpg,1
308,Chudnov_II,onlyfaces/308.jpg,1
309,Chudnov_II,onlyfaces/309.jpg,1
310,Chudnov_II,onlyfaces/310.jpg,1
312,Chudnov_II,onlyfaces/312.jpg,1
313,Chudnov_II,onlyfaces/313.jpg,1
314,Chudnov_II,onlyfaces/314.jpg,1
315,Chudnov_II,onlyfaces/315.jpg,1
316,Chudnov_II,onlyfaces/316.jpg,1
318,Chudnov_II,onlyfaces/318.jpg,1
319,Chudnov_II,onlyfaces/319.jpg,1
320,Chudnov_II,onlyfaces/320.jpg,1
322,Chudnov_II,onlyfaces/322.jpg,1
323,Chudnov_II,onlyfaces/323.jpg,1
325,Chudnov_II,onlyfaces/325.jpg,1
326,Chudnov_II,onlyfaces/326.jpg,1
328,Chudnov_II,onlyfaces/328.jpg,1
330,Chudnov_II,onlyfaces/330.jpg,1
331,Chudnov_II,onlyfaces/331.jpg,1
332,Chudnov_II,onlyfaces/332.jpg,1
334,Chudnov_II,onlyfaces/334.jpg,1
337,Chudnov_II,onlyfaces/337.jpg,1
338,Chudnov_II,onlyfaces/338.jpg,1
341,Chudnov_II,onlyfaces/341.jpg,1
342,Chudnov_II,onlyfaces/342.jpg,1
343,Chudnov_II,onlyfaces/343.jpg,1
345,Chudnov_II,onlyfaces/345.jpg,1
346,Chudnov_II,onlyfaces/346.jpg,1
347,Chudnov_II,onlyfaces/347.jpg,1
348,Chudnov_II,onlyfaces/348.jpg,1
349,Chudnov_II,onlyfaces/349.jpg,1
351,Chudnov_II,onlyfaces/351.jpg,1
352,Chudnov_II,onlyfaces/352.jpg,1
353,Chudnov_II,onlyfaces/353.jpg,1
354,Chudnov_II,onlyfaces/354.jpg,1
355,Chudnov_II,onlyfaces/355.jpg,1
356,Chudnov_II,onlyfaces/356.jpg,1
357,Chudnov_II,onlyfaces/357.jpg,1
358,Chudnov_II,onlyfaces/358.jpg,1
359,Chudnov_II,onlyfaces/359.jpg,1
360,Chudnov_II,onlyfaces/360.jpg,1
361,Chudnov_II,onlyfaces/361.jpg,1
362,Chudnov_II,onlyfaces/362.jpg,1
363,Chudnov_II,onlyfaces/363.jpg,1
364,Chudnov_II,onlyfaces/364.jpg,1
365,Chudnov_II,onlyfaces/365.jpg,1
366,Chudnov_II,onlyfaces/366.jpg,1
368,Chudnov_II,onlyfaces/368.jpg,1
370,Chudnov_II,onlyfaces/370.jpg,1
372,Chudnov_II,onlyfaces/372.jpg,1
373,Chudnov_II,onlyfaces/373.jpg,1
374,Chudnov_II,onlyfaces/374.jpg,1
375,Chudnov_II,onlyfaces/375.jpg,1
377,Chudnov_II,onlyfaces/377.jpg,1
378,Chudnov_II,onlyfaces/378.jpg,1
379,Chudnov_II,onlyfaces/379.jpg,1
380,Chudnov_II,onlyfaces/380.jpg,1
381,Chudnov_II,onlyfaces/381.jpg,1
382,Chudnov_II,onlyfaces/382.jpg,1
383,Colin_Powell,onlyfaces/383.jpg,2
384,Colin_Powell,onlyfaces/384.jpg,2
385,Colin_Powell,onlyfaces/385.jpg,2
387,Colin_Powell,onlyfaces/387.jpg,2
388,Colin_Powell,onlyfaces/388.jpg,2
390,Colin_Powell,onlyfaces/390.jpg,2
391,Colin_Powell,onlyfaces/391.jpg,2
392,Colin_Powell,onlyfaces/392.jpg,2
394,Colin_Powell,onlyfaces/394.jpg,2
396,Colin_Powell,onlyfaces/396.jpg,2
398,Colin_Powell,onlyfaces/398.jpg,2
401,Colin_Powell,onlyfaces/401.jpg,2
402,Colin_Powell,onlyfaces/402.jpg,2
403,Colin_Powell,onlyfaces/403.jpg,2
404,Colin_Powell,onlyfaces/404.jpg,2
405,Colin_Powell,onlyfaces/405.jpg,2
406,Colin_Powell,onlyfaces/406.jpg,2
407,Colin_Powell,onlyfaces/407.jpg,2
408,Colin_Powell,onlyfaces/408.jpg,2
409,Colin_Powell,onlyfaces/409.jpg,2
412,Colin_Powell,onlyfaces/412.jpg,2
413,Colin_Powell,onlyfaces/413.jpg,2
415,Colin_Powell,onlyfaces/415.jpg,2
416,Colin_Powell,onlyfaces/416.jpg,2
417,Colin_Powell,onlyfaces/417.jpg,2
418,Colin_Powell,onlyfaces/418.jpg,2
419,Colin_Powell,onlyfaces/419.jpg,2
420,Colin_Powell,onlyfaces/420.jpg,2
421,Colin_Powell,onlyfaces/421.jpg,2
422,Colin_Powell,onlyfaces/422.jpg,2
423,Colin_Powell,onlyfaces/423.jpg,2
424,Colin_Powell,onlyfaces/424.jpg,2
427,Colin_Powell,onlyfaces/427.jpg,2
429,Colin_Powell,onlyfaces/429.jpg,2
431,Colin_Powell,onlyfaces/431.jpg,2
433,Colin_Powell,onlyfaces/433.jpg,2
434,Colin_Powell,onlyfaces/434.jpg,2
435,Colin_Powell,onlyfaces/435.jpg,2
436,Colin_Powell,onlyfaces/436.jpg,2
438,Colin_Powell,onlyfaces/438.jpg,2
439,Colin_Powell,onlyfaces/439.jpg,2
440,Colin_Powell,onlyfaces/440.jpg,2
442,Colin_Powell,onlyfaces/442.jpg,2
443,Colin_Powell,onlyfaces/443.jpg,2
444,Colin_Powell,onlyfaces/444.jpg,2
445,Colin_Powell,onlyfaces/445.jpg,2
446,Colin_Powell,onlyfaces/446.jpg,2
448,Colin_Powell,onlyfaces/448.jpg,2
449,Colin_Powell,onlyfaces/449.jpg,2
452,Colin_Powell,onlyfaces/452.jpg,2
453,Colin_Powell,onlyfaces/453.jpg,2
455,Colin_Powell,onlyfaces/455.jpg,2
456,Colin_Powell,onlyfaces/456.jpg,2
457,Colin_Powell,onlyfaces/457.jpg,2
458,Colin_Powell,/home/jovyan/work/images/Colin_Powell/Colin_Powell_0076.jpg,2
459,Colin_Powell,onlyfaces/459.jpg,2
461,Colin_Powell,onlyfaces/461.jpg,2
462,Colin_Powell,onlyfaces/462.jpg,2
463,Colin_Powell,onlyfaces/463.jpg,2
465,Colin_Powell,onlyfaces/465.jpg,2
466,Colin_Powell,onlyfaces/466.jpg,2
467,Colin_Powell,onlyfaces/467.jpg,2
468,Colin_Powell,onlyfaces/468.jpg,2
469,Colin_Powell,onlyfaces/469.jpg,2
470,Colin_Powell,onlyfaces/470.jpg,2
472,Colin_Powell,onlyfaces/472.jpg,2
473,Colin_Powell,onlyfaces/473.jpg,2
474,Colin_Powell,onlyfaces/474.jpg,2
475,Colin_Powell,onlyfaces/475.jpg,2
476,Colin_Powell,onlyfaces/476.jpg,2
477,Colin_Powell,onlyfaces/477.jpg,2
478,Colin_Powell,onlyfaces/478.jpg,2
479,Colin_Powell,onlyfaces/479.jpg,2
481,Colin_Powell,onlyfaces/481.jpg,2
484,Colin_Powell,onlyfaces/484.jpg,2
485,Colin_Powell,onlyfaces/485.jpg,2
486,Colin_Powell,onlyfaces/486.jpg,2
487,Colin_Powell,onlyfaces/487.jpg,2
488,Colin_Powell,onlyfaces/488.jpg,2
489,Colin_Powell,onlyfaces/489.jpg,2
490,Colin_Powell,onlyfaces/490.jpg,2
491,Colin_Powell,onlyfaces/491.jpg,2
492,Colin_Powell,onlyfaces/492.jpg,2
493,Colin_Powell,onlyfaces/493.jpg,2
495,Colin_Powell,onlyfaces/495.jpg,2
497,Colin_Powell,onlyfaces/497.jpg,2
498,Colin_Powell,onlyfaces/498.jpg,2
500,Colin_Powell,onlyfaces/500.jpg,2
501,Colin_Powell,onlyfaces/501.jpg,2
502,Colin_Powell,onlyfaces/502.jpg,2
503,Colin_Powell,onlyfaces/503.jpg,2
504,Colin_Powell,onlyfaces/504.jpg,2
505,Colin_Powell,onlyfaces/505.jpg,2
506,Colin_Powell,onlyfaces/506.jpg,2
508,Colin_Powell,onlyfaces/508.jpg,2
510,Colin_Powell,onlyfaces/510.jpg,2
511,Colin_Powell,onlyfaces/511.jpg,2
513,Colin_Powell,onlyfaces/513.jpg,2
514,Colin_Powell,onlyfaces/514.jpg,2
515,Colin_Powell,onlyfaces/515.jpg,2
516,Colin_Powell,onlyfaces/516.jpg,2
517,Colin_Powell,onlyfaces/517.jpg,2
518,Colin_Powell,onlyfaces/518.jpg,2
519,Colin_Powell,onlyfaces/519.jpg,2
522,Colin_Powell,onlyfaces/522.jpg,2
524,Colin_Powell,onlyfaces/524.jpg,2
525,Colin_Powell,onlyfaces/525.jpg,2
526,Colin_Powell,onlyfaces/526.jpg,2
527,Colin_Powell,/home/jovyan/work/images/Colin_Powell/Colin_Powell_0145.jpg,2
528,Colin_Powell,onlyfaces/528.jpg,2
530,Colin_Powell,onlyfaces/530.jpg,2
531,Colin_Powell,onlyfaces/531.jpg,2
532,Colin_Powell,onlyfaces/532.jpg,2
534,Colin_Powell,onlyfaces/534.jpg,2
536,Colin_Powell,onlyfaces/536.jpg,2
537,Colin_Powell,onlyfaces/537.jpg,2
538,Colin_Powell,onlyfaces/538.jpg,2
539,Colin_Powell,onlyfaces/539.jpg,2
540,Colin_Powell,onlyfaces/540.jpg,2
541,Colin_Powell,onlyfaces/541.jpg,2
542,Colin_Powell,onlyfaces/542.jpg,2
543,Colin_Powell,onlyfaces/543.jpg,2
544,Colin_Powell,onlyfaces/544.jpg,2
547,Colin_Powell,onlyfaces/547.jpg,2
549,Colin_Powell,onlyfaces/549.jpg,2
550,Colin_Powell,onlyfaces/550.jpg,2
553,Colin_Powell,onlyfaces/553.jpg,2
555,Colin_Powell,onlyfaces/555.jpg,2
556,Colin_Powell,onlyfaces/556.jpg,2
557,Colin_Powell,onlyfaces/557.jpg,2
559,Colin_Powell,onlyfaces/559.jpg,2
562,Colin_Powell,onlyfaces/562.jpg,2
563,Colin_Powell,onlyfaces/563.jpg,2
565,Colin_Powell,onlyfaces/565.jpg,2
566,Colin_Powell,onlyfaces/566.jpg,2
570,Colin_Powell,onlyfaces/570.jpg,2
571,Colin_Powell,onlyfaces/571.jpg,2
572,Colin_Powell,onlyfaces/572.jpg,2
576,Colin_Powell,onlyfaces/576.jpg,2
577,Colin_Powell,onlyfaces/577.jpg,2
578,Colin_Powell,onlyfaces/578.jpg,2
579,Colin_Powell,onlyfaces/579.jpg,2
580,Colin_Powell,onlyfaces/580.jpg,2
582,Colin_Powell,onlyfaces/582.jpg,2
583,Colin_Powell,onlyfaces/583.jpg,2
585,Colin_Powell,onlyfaces/585.jpg,2
586,Colin_Powell,onlyfaces/586.jpg,2
587,Colin_Powell,onlyfaces/587.jpg,2
588,Colin_Powell,onlyfaces/588.jpg,2
589,Colin_Powell,onlyfaces/589.jpg,2
590,Colin_Powell,onlyfaces/590.jpg,2
592,Colin_Powell,onlyfaces/592.jpg,2
593,Colin_Powell,onlyfaces/593.jpg,2
595,Colin_Powell,onlyfaces/595.jpg,2
597,Colin_Powell,onlyfaces/597.jpg,2
598,Colin_Powell,onlyfaces/598.jpg,2
599,Colin_Powell,onlyfaces/599.jpg,2
600,Colin_Powell,onlyfaces/600.jpg,2
601,Colin_Powell,onlyfaces/601.jpg,2
602,Colin_Powell,onlyfaces/602.jpg,2
603,Colin_Powell,onlyfaces/603.jpg,2
604,Colin_Powell,onlyfaces/604.jpg,2
606,Colin_Powell,onlyfaces/606.jpg,2
607,Colin_Powell,onlyfaces/607.jpg,2
608,Colin_Powell,onlyfaces/608.jpg,2
610,Colin_Powell,/home/jovyan/work/images/Colin_Powell/Colin_Powell_0228.jpg,2
614,Colin_Powell,onlyfaces/614.jpg,2
615,Colin_Powell,onlyfaces/615.jpg,2
616,Colin_Powell,onlyfaces/616.jpg,2
617,Colin_Powell,onlyfaces/617.jpg,2
618,Colin_Powell,onlyfaces/618.jpg,2
619,Gadzhikhanov_VA,onlyfaces/619.jpg,3
620,Gadzhikhanov_VA,onlyfaces/620.jpg,3
622,Gadzhikhanov_VA,onlyfaces/622.jpg,3
623,Gadzhikhanov_VA,onlyfaces/623.jpg,3
625,Gadzhikhanov_VA,onlyfaces/625.jpg,3
626,Gadzhikhanov_VA,onlyfaces/626.jpg,3
627,Gadzhikhanov_VA,onlyfaces/627.jpg,3
628,Gadzhikhanov_VA,onlyfaces/628.jpg,3
629,Gadzhikhanov_VA,onlyfaces/629.jpg,3
631,Gadzhikhanov_VA,onlyfaces/631.jpg,3
632,Gadzhikhanov_VA,onlyfaces/632.jpg,3
633,Gadzhikhanov_VA,onlyfaces/633.jpg,3
634,Gadzhikhanov_VA,onlyfaces/634.jpg,3
635,Gadzhikhanov_VA,onlyfaces/635.jpg,3
637,Gadzhikhanov_VA,onlyfaces/637.jpg,3
638,Gadzhikhanov_VA,onlyfaces/638.jpg,3
641,Gadzhikhanov_VA,onlyfaces/641.jpg,3
642,Gadzhikhanov_VA,onlyfaces/642.jpg,3
643,Gadzhikhanov_VA,onlyfaces/643.jpg,3
645,Gadzhikhanov_VA,onlyfaces/645.jpg,3
646,Gadzhikhanov_VA,onlyfaces/646.jpg,3
647,Gadzhikhanov_VA,onlyfaces/647.jpg,3
648,Gadzhikhanov_VA,onlyfaces/648.jpg,3
650,Gadzhikhanov_VA,onlyfaces/650.jpg,3
651,Gadzhikhanov_VA,onlyfaces/651.jpg,3
652,Gadzhikhanov_VA,onlyfaces/652.jpg,3
654,Gadzhikhanov_VA,onlyfaces/654.jpg,3
655,Gadzhikhanov_VA,onlyfaces/655.jpg,3
656,Gadzhikhanov_VA,onlyfaces/656.jpg,3
657,Gadzhikhanov_VA,onlyfaces/657.jpg,3
658,Gadzhikhanov_VA,onlyfaces/658.jpg,3
660,Gadzhikhanov_VA,onlyfaces/660.jpg,3
661,Gadzhikhanov_VA,onlyfaces/661.jpg,3
662,Gadzhikhanov_VA,onlyfaces/662.jpg,3
664,Gadzhikhanov_VA,onlyfaces/664.jpg,3
665,Gadzhikhanov_VA,onlyfaces/665.jpg,3
667,Gadzhikhanov_VA,onlyfaces/667.jpg,3
668,Gadzhikhanov_VA,onlyfaces/668.jpg,3
669,Gadzhikhanov_VA,onlyfaces/669.jpg,3
671,Gadzhikhanov_VA,onlyfaces/671.jpg,3
672,Gadzhikhanov_VA,onlyfaces/672.jpg,3
673,Gadzhikhanov_VA,onlyfaces/673.jpg,3
674,Gadzhikhanov_VA,onlyfaces/674.jpg,3
675,Gadzhikhanov_VA,onlyfaces/675.jpg,3
678,Gadzhikhanov_VA,onlyfaces/678.jpg,3
680,Gadzhikhanov_VA,onlyfaces/680.jpg,3
681,Gadzhikhanov_VA,onlyfaces/681.jpg,3
683,Gadzhikhanov_VA,onlyfaces/683.jpg,3
685,Gadzhikhanov_VA,onlyfaces/685.jpg,3
686,Gadzhikhanov_VA,onlyfaces/686.jpg,3
687,Gadzhikhanov_VA,onlyfaces/687.jpg,3
688,Gadzhikhanov_VA,onlyfaces/688.jpg,3
689,Gadzhikhanov_VA,onlyfaces/689.jpg,3
690,Gadzhikhanov_VA,onlyfaces/690.jpg,3
691,Gadzhikhanov_VA,onlyfaces/691.jpg,3
693,Gadzhikhanov_VA,onlyfaces/693.jpg,3
695,Gadzhikhanov_VA,onlyfaces/695.jpg,3
696,Gadzhikhanov_VA,onlyfaces/696.jpg,3
697,Gadzhikhanov_VA,onlyfaces/697.jpg,3
699,Gadzhikhanov_VA,onlyfaces/699.jpg,3
701,Gadzhikhanov_VA,onlyfaces/701.jpg,3
702,Gadzhikhanov_VA,onlyfaces/702.jpg,3
704,Gadzhikhanov_VA,onlyfaces/704.jpg,3
705,Gadzhikhanov_VA,onlyfaces/705.jpg,3
707,Gadzhikhanov_VA,onlyfaces/707.jpg,3
708,Gadzhikhanov_VA,onlyfaces/708.jpg,3
709,Gadzhikhanov_VA,onlyfaces/709.jpg,3
710,Gadzhikhanov_VA,onlyfaces/710.jpg,3
711,Gadzhikhanov_VA,onlyfaces/711.jpg,3
713,Gadzhikhanov_VA,onlyfaces/713.jpg,3
716,Gadzhikhanov_VA,onlyfaces/716.jpg,3
717,Gadzhikhanov_VA,onlyfaces/717.jpg,3
718,Gadzhikhanov_VA,onlyfaces/718.jpg,3
719,Gadzhikhanov_VA,onlyfaces/719.jpg,3
721,Gadzhikhanov_VA,onlyfaces/721.jpg,3
722,Gadzhikhanov_VA,onlyfaces/722.jpg,3
723,Gadzhikhanov_VA,onlyfaces/723.jpg,3
725,Gadzhikhanov_VA,onlyfaces/725.jpg,3
726,Gadzhikhanov_VA,onlyfaces/726.jpg,3
727,Gadzhikhanov_VA,onlyfaces/727.jpg,3
728,Gadzhikhanov_VA,onlyfaces/728.jpg,3
729,Gadzhikhanov_VA,onlyfaces/729.jpg,3
730,Gadzhikhanov_VA,onlyfaces/730.jpg,3
732,Gadzhikhanov_VA,onlyfaces/732.jpg,3
734,Gadzhikhanov_VA,onlyfaces/734.jpg,3
737,Gadzhikhanov_VA,onlyfaces/737.jpg,3
738,Gadzhikhanov_VA,onlyfaces/738.jpg,3
739,Gadzhikhanov_VA,onlyfaces/739.jpg,3
741,Gadzhikhanov_VA,onlyfaces/741.jpg,3
742,Gadzhikhanov_VA,onlyfaces/742.jpg,3
743,Gadzhikhanov_VA,onlyfaces/743.jpg,3
744,Gadzhikhanov_VA,onlyfaces/744.jpg,3
745,Gadzhikhanov_VA,onlyfaces/745.jpg,3
747,Gadzhikhanov_VA,onlyfaces/747.jpg,3
748,Gadzhikhanov_VA,onlyfaces/748.jpg,3
749,Gadzhikhanov_VA,onlyfaces/749.jpg,3
755,Gadzhikhanov_VA,onlyfaces/755.jpg,3
756,Gadzhikhanov_VA,onlyfaces/756.jpg,3
758,Gadzhikhanov_VA,onlyfaces/758.jpg,3
759,Gadzhikhanov_VA,onlyfaces/759.jpg,3
760,Gadzhikhanov_VA,onlyfaces/760.jpg,3
762,Gadzhikhanov_VA,onlyfaces/762.jpg,3
763,Gadzhikhanov_VA,onlyfaces/763.jpg,3
764,Gadzhikhanov_VA,onlyfaces/764.jpg,3
765,Gadzhikhanov_VA,onlyfaces/765.jpg,3
766,Gadzhikhanov_VA,onlyfaces/766.jpg,3
768,Gadzhikhanov_VA,onlyfaces/768.jpg,3
770,Gadzhikhanov_VA,onlyfaces/770.jpg,3
771,Gadzhikhanov_VA,onlyfaces/771.jpg,3
772,Gadzhikhanov_VA,onlyfaces/772.jpg,3
773,Gadzhikhanov_VA,onlyfaces/773.jpg,3
775,Gadzhikhanov_VA,onlyfaces/775.jpg,3
776,Gadzhikhanov_VA,onlyfaces/776.jpg,3
779,Gadzhikhanov_VA,onlyfaces/779.jpg,3
780,Gadzhikhanov_VA,onlyfaces/780.jpg,3
782,Gadzhikhanov_VA,onlyfaces/782.jpg,3
784,Gadzhikhanov_VA,onlyfaces/784.jpg,3
785,Gadzhikhanov_VA,onlyfaces/785.jpg,3
786,Gadzhikhanov_VA,onlyfaces/786.jpg,3
787,Gadzhikhanov_VA,onlyfaces/787.jpg,3
788,Gadzhikhanov_VA,onlyfaces/788.jpg,3
789,Gadzhikhanov_VA,onlyfaces/789.jpg,3
790,Gadzhikhanov_VA,onlyfaces/790.jpg,3
791,Gadzhikhanov_VA,onlyfaces/791.jpg,3
792,Gadzhikhanov_VA,onlyfaces/792.jpg,3
794,Gadzhikhanov_VA,onlyfaces/794.jpg,3
795,Gadzhikhanov_VA,onlyfaces/795.jpg,3
796,Gadzhikhanov_VA,onlyfaces/796.jpg,3
797,Gadzhikhanov_VA,onlyfaces/797.jpg,3
798,Gadzhikhanov_VA,onlyfaces/798.jpg,3
799,Gadzhikhanov_VA,onlyfaces/799.jpg,3
800,Gadzhikhanov_VA,onlyfaces/800.jpg,3
801,Gadzhikhanov_VA,onlyfaces/801.jpg,3
802,Gadzhikhanov_VA,onlyfaces/802.jpg,3
804,Gadzhikhanov_VA,onlyfaces/804.jpg,3
805,Gadzhikhanov_VA,onlyfaces/805.jpg,3
807,Gadzhikhanov_VA,onlyfaces/807.jpg,3
808,Gadzhikhanov_VA,onlyfaces/808.jpg,3
809,Gadzhikhanov_VA,onlyfaces/809.jpg,3
810,Gadzhikhanov_VA,onlyfaces/810.jpg,3
812,Gadzhikhanov_VA,onlyfaces/812.jpg,3
813,Gadzhikhanov_VA,onlyfaces/813.jpg,3
814,Gadzhikhanov_VA,onlyfaces/814.jpg,3
815,Gadzhikhanov_VA,onlyfaces/815.jpg,3
817,Gadzhikhanov_VA,onlyfaces/817.jpg,3
821,George_W_Bush,onlyfaces/821.jpg,4
823,George_W_Bush,onlyfaces/823.jpg,4
824,George_W_Bush,onlyfaces/824.jpg,4
825,George_W_Bush,onlyfaces/825.jpg,4
826,George_W_Bush,onlyfaces/826.jpg,4
827,George_W_Bush,onlyfaces/827.jpg,4
829,George_W_Bush,onlyfaces/829.jpg,4
830,George_W_Bush,onlyfaces/830.jpg,4
831,George_W_Bush,onlyfaces/831.jpg,4
832,George_W_Bush,onlyfaces/832.jpg,4
835,George_W_Bush,onlyfaces/835.jpg,4
836,George_W_Bush,onlyfaces/836.jpg,4
837,George_W_Bush,onlyfaces/837.jpg,4
838,George_W_Bush,onlyfaces/838.jpg,4
840,George_W_Bush,onlyfaces/840.jpg,4
841,George_W_Bush,onlyfaces/841.jpg,4
845,George_W_Bush,onlyfaces/845.jpg,4
846,George_W_Bush,onlyfaces/846.jpg,4
847,George_W_Bush,onlyfaces/847.jpg,4
848,George_W_Bush,onlyfaces/848.jpg,4
849,George_W_Bush,onlyfaces/849.jpg,4
851,George_W_Bush,onlyfaces/851.jpg,4
852,George_W_Bush,onlyfaces/852.jpg,4
854,George_W_Bush,onlyfaces/854.jpg,4
855,George_W_Bush,onlyfaces/855.jpg,4
856,George_W_Bush,onlyfaces/856.jpg,4
857,George_W_Bush,onlyfaces/857.jpg,4
858,George_W_Bush,onlyfaces/858.jpg,4
860,George_W_Bush,onlyfaces/860.jpg,4
862,George_W_Bush,onlyfaces/862.jpg,4
863,George_W_Bush,onlyfaces/863.jpg,4
864,George_W_Bush,onlyfaces/864.jpg,4
865,George_W_Bush,onlyfaces/865.jpg,4
866,George_W_Bush,onlyfaces/866.jpg,4
867,George_W_Bush,onlyfaces/867.jpg,4
871,George_W_Bush,onlyfaces/871.jpg,4
872,George_W_Bush,onlyfaces/872.jpg,4
873,George_W_Bush,onlyfaces/873.jpg,4
875,George_W_Bush,onlyfaces/875.jpg,4
876,George_W_Bush,onlyfaces/876.jpg,4
877,George_W_Bush,onlyfaces/877.jpg,4
879,George_W_Bush,onlyfaces/879.jpg,4
880,George_W_Bush,onlyfaces/880.jpg,4
881,George_W_Bush,onlyfaces/881.jpg,4
882,George_W_Bush,onlyfaces/882.jpg,4
883,George_W_Bush,onlyfaces/883.jpg,4
884,George_W_Bush,onlyfaces/884.jpg,4
885,George_W_Bush,onlyfaces/885.jpg,4
886,George_W_Bush,onlyfaces/886.jpg,4
887,George_W_Bush,onlyfaces/887.jpg,4
889,George_W_Bush,onlyfaces/889.jpg,4
890,George_W_Bush,onlyfaces/890.jpg,4
892,George_W_Bush,onlyfaces/892.jpg,4
893,George_W_Bush,onlyfaces/893.jpg,4
894,George_W_Bush,onlyfaces/894.jpg,4
895,George_W_Bush,onlyfaces/895.jpg,4
896,George_W_Bush,onlyfaces/896.jpg,4
898,George_W_Bush,onlyfaces/898.jpg,4
899,George_W_Bush,onlyfaces/899.jpg,4
900,George_W_Bush,onlyfaces/900.jpg,4
901,George_W_Bush,onlyfaces/901.jpg,4
902,George_W_Bush,onlyfaces/902.jpg,4
903,George_W_Bush,onlyfaces/903.jpg,4
904,George_W_Bush,onlyfaces/904.jpg,4
905,George_W_Bush,onlyfaces/905.jpg,4
907,George_W_Bush,onlyfaces/907.jpg,4
908,George_W_Bush,onlyfaces/908.jpg,4
912,George_W_Bush,onlyfaces/912.jpg,4
914,George_W_Bush,onlyfaces/914.jpg,4
915,George_W_Bush,onlyfaces/915.jpg,4
917,George_W_Bush,onlyfaces/917.jpg,4
919,George_W_Bush,onlyfaces/919.jpg,4
922,George_W_Bush,onlyfaces/922.jpg,4
923,George_W_Bush,onlyfaces/923.jpg,4
924,George_W_Bush,onlyfaces/924.jpg,4
925,George_W_Bush,onlyfaces/925.jpg,4
926,George_W_Bush,onlyfaces/926.jpg,4
928,George_W_Bush,onlyfaces/928.jpg,4
930,George_W_Bush,onlyfaces/930.jpg,4
931,George_W_Bush,onlyfaces/931.jpg,4
932,George_W_Bush,onlyfaces/932.jpg,4
934,George_W_Bush,onlyfaces/934.jpg,4
935,George_W_Bush,onlyfaces/935.jpg,4
936,George_W_Bush,onlyfaces/936.jpg,4
939,George_W_Bush,onlyfaces/939.jpg,4
940,George_W_Bush,onlyfaces/940.jpg,4
941,George_W_Bush,onlyfaces/941.jpg,4
942,George_W_Bush,onlyfaces/942.jpg,4
944,George_W_Bush,onlyfaces/944.jpg,4
945,George_W_Bush,onlyfaces/945.jpg,4
946,George_W_Bush,onlyfaces/946.jpg,4
947,George_W_Bush,onlyfaces/947.jpg,4
949,George_W_Bush,onlyfaces/949.jpg,4
950,George_W_Bush,onlyfaces/950.jpg,4
951,George_W_Bush,onlyfaces/951.jpg,4
952,George_W_Bush,onlyfaces/952.jpg,4
953,George_W_Bush,onlyfaces/953.jpg,4
954,George_W_Bush,onlyfaces/954.jpg,4
955,George_W_Bush,onlyfaces/955.jpg,4
956,George_W_Bush,onlyfaces/956.jpg,4
957,George_W_Bush,onlyfaces/957.jpg,4
958,George_W_Bush,onlyfaces/958.jpg,4
959,George_W_Bush,onlyfaces/959.jpg,4
961,George_W_Bush,onlyfaces/961.jpg,4
963,George_W_Bush,onlyfaces/963.jpg,4
964,George_W_Bush,onlyfaces/964.jpg,4
965,George_W_Bush,onlyfaces/965.jpg,4
966,George_W_Bush,onlyfaces/966.jpg,4
967,George_W_Bush,onlyfaces/967.jpg,4
968,George_W_Bush,onlyfaces/968.jpg,4
969,George_W_Bush,onlyfaces/969.jpg,4
970,George_W_Bush,onlyfaces/970.jpg,4
972,George_W_Bush,onlyfaces/972.jpg,4
973,George_W_Bush,onlyfaces/973.jpg,4
974,George_W_Bush,onlyfaces/974.jpg,4
975,George_W_Bush,/home/jovyan/work/images/George_W_Bush/George_W_Bush_0157.jpg,4
976,George_W_Bush,onlyfaces/976.jpg,4
977,George_W_Bush,onlyfaces/977.jpg,4
978,George_W_Bush,onlyfaces/978.jpg,4
980,George_W_Bush,onlyfaces/980.jpg,4
981,George_W_Bush,onlyfaces/981.jpg,4
983,George_W_Bush,onlyfaces/983.jpg,4
984,George_W_Bush,onlyfaces/984.jpg,4
985,George_W_Bush,onlyfaces/985.jpg,4
988,George_W_Bush,onlyfaces/988.jpg,4
991,George_W_Bush,onlyfaces/991.jpg,4
993,George_W_Bush,onlyfaces/993.jpg,4
994,George_W_Bush,onlyfaces/994.jpg,4
995,George_W_Bush,onlyfaces/995.jpg,4
997,George_W_Bush,onlyfaces/997.jpg,4
998,George_W_Bush,onlyfaces/998.jpg,4
999,George_W_Bush,onlyfaces/999.jpg,4
1000,George_W_Bush,onlyfaces/1000.jpg,4
1001,George_W_Bush,onlyfaces/1001.jpg,4
1003,George_W_Bush,onlyfaces/1003.jpg,4
1004,George_W_Bush,onlyfaces/1004.jpg,4
1005,George_W_Bush,onlyfaces/1005.jpg,4
1007,George_W_Bush,onlyfaces/1007.jpg,4
1010,George_W_Bush,onlyfaces/1010.jpg,4
1012,George_W_Bush,onlyfaces/1012.jpg,4
1013,George_W_Bush,onlyfaces/1013.jpg,4
1014,George_W_Bush,onlyfaces/1014.jpg,4
1015,George_W_Bush,onlyfaces/1015.jpg,4
1016,George_W_Bush,onlyfaces/1016.jpg,4
1017,George_W_Bush,onlyfaces/1017.jpg,4
1019,George_W_Bush,onlyfaces/1019.jpg,4
1020,George_W_Bush,onlyfaces/1020.jpg,4
1023,George_W_Bush,onlyfaces/1023.jpg,4
1025,George_W_Bush,onlyfaces/1025.jpg,4
1026,George_W_Bush,onlyfaces/1026.jpg,4
1029,George_W_Bush,onlyfaces/1029.jpg,4
1031,George_W_Bush,onlyfaces/1031.jpg,4
1032,George_W_Bush,onlyfaces/1032.jpg,4
1033,George_W_Bush,onlyfaces/1033.jpg,4
1035,George_W_Bush,onlyfaces/1035.jpg,4
1036,George_W_Bush,onlyfaces/1036.jpg,4
1037,George_W_Bush,onlyfaces/1037.jpg,4
1038,George_W_Bush,onlyfaces/1038.jpg,4
1039,George_W_Bush,onlyfaces/1039.jpg,4
1040,George_W_Bush,onlyfaces/1040.jpg,4
1041,George_W_Bush,onlyfaces/1041.jpg,4
1043,George_W_Bush,onlyfaces/1043.jpg,4
1045,George_W_Bush,onlyfaces/1045.jpg,4
1046,George_W_Bush,onlyfaces/1046.jpg,4
1047,George_W_Bush,onlyfaces/1047.jpg,4
1048,George_W_Bush,/home/jovyan/work/images/George_W_Bush/George_W_Bush_0235.jpg,4
1049,George_W_Bush,onlyfaces/1049.jpg,4
1051,George_W_Bush,onlyfaces/1051.jpg,4
1052,George_W_Bush,onlyfaces/1052.jpg,4
1053,George_W_Bush,onlyfaces/1053.jpg,4
1054,George_W_Bush,onlyfaces/1054.jpg,4
1055,George_W_Bush,onlyfaces/1055.jpg,4
1058,George_W_Bush,onlyfaces/1058.jpg,4
1059,George_W_Bush,onlyfaces/1059.jpg,4
1060,George_W_Bush,onlyfaces/1060.jpg,4
1061,images_sample,/home/jovyan/work/images/images_sample/agalychnis-callidryas_100_1116f0bc.jpg,5
1062,images_sample,/home/jovyan/work/images/images_sample/agalychnis-callidryas_14_fcdaf8ee.jpg,5
1063,images_sample,/home/jovyan/work/images/images_sample/agalychnis-callidryas_22_91fe09d6.jpg,5
1064,images_sample,/home/jovyan/work/images/images_sample/agalychnis-callidryas_26_fe2feac1.jpg,5
1066,images_sample,/home/jovyan/work/images/images_sample/agalychnis-callidryas_30_f03e8c56.jpg,5
1067,images_sample,/home/jovyan/work/images/images_sample/agalychnis-callidryas_31_d4db1776.jpg,5
1068,images_sample,/home/jovyan/work/images/images_sample/agalychnis-callidryas_32_77a4129c.jpg,5
1069,images_sample,/home/jovyan/work/images/images_sample/agalychnis-callidryas_33_a95e63f3.jpg,5
1070,images_sample,/home/jovyan/work/images/images_sample/agalychnis-callidryas_36_ce1d7b33.jpg,5
1072,images_sample,/home/jovyan/work/images/images_sample/agalychnis-callidryas_38_f9de1f85.jpg,5
1075,images_sample,/home/jovyan/work/images/images_sample/agalychnis-callidryas_40_76835c43.jpg,5
1076,images_sample,/home/jovyan/work/images/images_sample/agalychnis-callidryas_40_e1d8f2c0.jpg,5
1077,images_sample,/home/jovyan/work/images/images_sample/agalychnis-callidryas_45_e172883d.jpg,5
1078,images_sample,/home/jovyan/work/images/images_sample/agalychnis-callidryas_46_b8094fc5.jpg,5
1079,images_sample,/home/jovyan/work/images/images_sample/agalychnis-callidryas_53_0c7ac59c.jpg,5
1080,images_sample,/home/jovyan/work/images/images_sample/agalychnis-callidryas_53_4d5c3052.jpg,5
1083,images_sample,/home/jovyan/work/images/images_sample/agalychnis-callidryas_56_6b8b6d3f.jpg,5
1085,images_sample,/home/jovyan/work/images/images_sample/agalychnis-callidryas_66_c641815f.jpg,5
1087,images_sample,/home/jovyan/work/images/images_sample/agalychnis-callidryas_73_abf930a1.jpg,5
1088,images_sample,/home/jovyan/work/images/images_sample/agalychnis-callidryas_81_86331c04.jpg,5
1089,images_sample,/home/jovyan/work/images/images_sample/agalychnis-callidryas_81_aa378b18.jpg,5
1090,images_sample,/home/jovyan/work/images/images_sample/agalychnis-callidryas_86_b9331ca3.jpg,5
1091,images_sample,/home/jovyan/work/images/images_sample/agalychnis-callidryas_88_af09b697.jpg,5
1092,images_sample,/home/jovyan/work/images/images_sample/agalychnis-callidryas_93_abe7745c.jpg,5
1093,images_sample,/home/jovyan/work/images/images_sample/agalychnis-callidryas_96_329a110b.jpg,5
1094,images_sample,/home/jovyan/work/images/images_sample/agalychnis-callidryas_99_50472e4d.jpg,5
1095,images_sample,/home/jovyan/work/images/images_sample/bison-bison_0_44850cec.jpg,5
1096,images_sample,onlyfaces/1096.jpg,5
1097,images_sample,/home/jovyan/work/images/images_sample/bison-bison_15_bce63700.jpg,5
1099,images_sample,/home/jovyan/work/images/images_sample/bison-bison_35_19d676a8.jpg,5
1100,images_sample,/home/jovyan/work/images/images_sample/bison-bison_36_4d61560c.jpg,5
1101,images_sample,/home/jovyan/work/images/images_sample/bison-bison_47_4bcdbf25.jpg,5
1102,images_sample,/home/jovyan/work/images/images_sample/bison-bison_48_0e9c065e.jpg,5
1103,images_sample,/home/jovyan/work/images/images_sample/bison-bison_48_1d22a4b0.jpg,5
1104,images_sample,/home/jovyan/work/images/images_sample/bison-bison_51_b2d839d4.jpg,5
1105,images_sample,/home/jovyan/work/images/images_sample/bison-bison_56_016d7dfb.jpg,5
1107,images_sample,/home/jovyan/work/images/images_sample/bison-bison_5_658751c2.jpg,5
1109,images_sample,/home/jovyan/work/images/images_sample/bison-bison_67_0f7f139c.jpg,5
1110,images_sample,/home/jovyan/work/images/images_sample/bison-bison_6_ebabe08b.jpg,5
1111,images_sample,/home/jovyan/work/images/images_sample/bison-bison_70_8962e47d.jpg,5
1112,images_sample,/home/jovyan/work/images/images_sample/bison-bison_71_f2b24d1f.jpg,5
1113,images_sample,/home/jovyan/work/images/images_sample/bison-bison_81_d2712f8d.jpg,5
1114,images_sample,/home/jovyan/work/images/images_sample/bison-bison_90_50caa992.jpg,5
1116,images_sample,/home/jovyan/work/images/images_sample/bison-bison_95_9ad61dd3.jpg,5
1117,images_sample,/home/jovyan/work/images/images_sample/bison-bison_96_048dfac4.jpg,5
1118,images_sample,/home/jovyan/work/images/images_sample/bison-bison_96_6aecc3b5.jpg,5
1119,images_sample,/home/jovyan/work/images/images_sample/chelonia-mydas_0_b5820209.jpg,5
1121,images_sample,/home/jovyan/work/images/images_sample/chelonia-mydas_14_f9a629b7.jpg,5
1123,images_sample,/home/jovyan/work/images/images_sample/chelonia-mydas_16_bc013e57.jpg,5
1125,images_sample,/home/jovyan/work/images/images_sample/chelonia-mydas_19_3349ce18.jpg,5
1127,images_sample,/home/jovyan/work/images/images_sample/chelonia-mydas_20_bb845f53.jpg,5
1128,images_sample,/home/jovyan/work/images/images_sample/chelonia-mydas_23_cb9cae61.jpg,5
1129,images_sample,/home/jovyan/work/images/images_sample/chelonia-mydas_24_77f7bb5d.jpg,5
1130,images_sample,/home/jovyan/work/images/images_sample/chelonia-mydas_24_955bd3c0.jpg,5
1132,images_sample,/home/jovyan/work/images/images_sample/chelonia-mydas_2_285eb595.jpg,5
1133,images_sample,/home/jovyan/work/images/images_sample/chelonia-mydas_31_f02717fa.jpg,5
1134,images_sample,/home/jovyan/work/images/images_sample/chelonia-mydas_31_fadb7e8f.jpg,5
1135,images_sample,/home/jovyan/work/images/images_sample/chelonia-mydas_32_4ff32f88.jpg,5
1136,images_sample,/home/jovyan/work/images/images_sample/chelonia-mydas_37_bf411561.jpg,5
1137,images_sample,/home/jovyan/work/images/images_sample/chelonia-mydas_40_dd877e7d.jpg,5
1138,images_sample,/home/jovyan/work/images/images_sample/chelonia-mydas_42_f61f852f.jpg,5
1139,images_sample,/home/jovyan/work/images/images_sample/chelonia-mydas_43_3518873c.jpg,5
1140,images_sample,/home/jovyan/work/images/images_sample/chelonia-mydas_45_8d4db7f9.jpg,5
1141,images_sample,/home/jovyan/work/images/images_sample/chelonia-mydas_47_a0391308.jpg,5
1142,images_sample,/home/jovyan/work/images/images_sample/chelonia-mydas_48_a0c6655f.jpg,5
1143,images_sample,/home/jovyan/work/images/images_sample/chelonia-mydas_49_8b6361b9.jpg,5
1144,images_sample,/home/jovyan/work/images/images_sample/chelonia-mydas_52_e089851f.jpg,5
1148,images_sample,/home/jovyan/work/images/images_sample/chelonia-mydas_58_ac483b44.jpg,5
1149,images_sample,/home/jovyan/work/images/images_sample/chelonia-mydas_59_21cb31dd.jpg,5
1151,images_sample,/home/jovyan/work/images/images_sample/chelonia-mydas_5_ae65e21a.jpg,5
1152,images_sample,/home/jovyan/work/images/images_sample/chelonia-mydas_60_002cab31.jpg,5
1154,images_sample,/home/jovyan/work/images/images_sample/chelonia-mydas_61_150cff73.jpg,5
1157,images_sample,onlyfaces/1157.jpg,5
1158,images_sample,/home/jovyan/work/images/images_sample/chelonia-mydas_68_a88eb85b.jpg,5
1159,images_sample,/home/jovyan/work/images/images_sample/chelonia-mydas_6_adee1d2a.jpg,5
1160,images_sample,/home/jovyan/work/images/images_sample/chelonia-mydas_72_025fdc74.jpg,5
1162,images_sample,/home/jovyan/work/images/images_sample/chelonia-mydas_76_01b54beb.jpg,5
1163,images_sample,/home/jovyan/work/images/images_sample/chelonia-mydas_76_c35c404f.jpg,5
1165,images_sample,/home/jovyan/work/images/images_sample/chelonia-mydas_84_06755c28.jpg,5
1166,images_sample,/home/jovyan/work/images/images_sample/chelonia-mydas_85_d35201a1.jpg,5
1167,images_sample,/home/jovyan/work/images/images_sample/chelonia-mydas_86_2306887e.jpg,5
1171,images_sample,/home/jovyan/work/images/images_sample/chelonia-mydas_89_b55a4cb6.jpg,5
1174,images_sample,/home/jovyan/work/images/images_sample/chelonia-mydas_95_37c4fd47.jpg,5
1175,images_sample,/home/jovyan/work/images/images_sample/chelonia-mydas_98_728c7826.jpg,5
1176,images_sample,/home/jovyan/work/images/images_sample/chelonia-mydas_99_1bccc83f.jpg,5
1178,images_sample,/home/jovyan/work/images/images_sample/dasypus-novemcinctus_10_29f27d9f.jpg,5
1180,images_sample,/home/jovyan/work/images/images_sample/dasypus-novemcinctus_12_57b7b261.jpg,5
1183,images_sample,/home/jovyan/work/images/images_sample/dasypus-novemcinctus_17_93a25b46.jpg,5
1184,images_sample,/home/jovyan/work/images/images_sample/dasypus-novemcinctus_19_7b1f53f9.jpg,5
1185,images_sample,/home/jovyan/work/images/images_sample/dasypus-novemcinctus_22_794a2dc0.jpg,5
1188,images_sample,/home/jovyan/work/images/images_sample/dasypus-novemcinctus_32_fd6721c8.jpg,5
1189,images_sample,/home/jovyan/work/images/images_sample/dasypus-novemcinctus_35_3fb35c0e.jpg,5
1190,images_sample,/home/jovyan/work/images/images_sample/dasypus-novemcinctus_37_c7b5eb13.jpg,5
1191,images_sample,/home/jovyan/work/images/images_sample/dasypus-novemcinctus_38_fdc1b3a1.jpg,5
1192,images_sample,/home/jovyan/work/images/images_sample/dasypus-novemcinctus_39_71715f25.jpg,5
1194,images_sample,/home/jovyan/work/images/images_sample/dasypus-novemcinctus_3_2ed0d408.jpg,5
1195,images_sample,/home/jovyan/work/images/images_sample/dasypus-novemcinctus_40_d6f71393.jpg,5
1197,images_sample,/home/jovyan/work/images/images_sample/dasypus-novemcinctus_42_d7242b0e.jpg,5
1198,images_sample,/home/jovyan/work/images/images_sample/dasypus-novemcinctus_44_a233e24e.jpg,5
1200,images_sample,/home/jovyan/work/images/images_sample/dasypus-novemcinctus_45_68d6d655.jpg,5
1201,images_sample,/home/jovyan/work/images/images_sample/dasypus-novemcinctus_45_fc302fd3.jpg,5
1202,images_sample,/home/jovyan/work/images/images_sample/dasypus-novemcinctus_46_79224655.jpg,5
1205,images_sample,/home/jovyan/work/images/images_sample/dasypus-novemcinctus_49_cdda6fcb.jpg,5
1206,images_sample,/home/jovyan/work/images/images_sample/dasypus-novemcinctus_4_a2280e17.jpg,5
1209,images_sample,/home/jovyan/work/images/images_sample/dasypus-novemcinctus_60_a62dd23a.jpg,5
1210,images_sample,/home/jovyan/work/images/images_sample/dasypus-novemcinctus_62_926e0741.jpg,5
1211,images_sample,/home/jovyan/work/images/images_sample/dasypus-novemcinctus_64_19aa778f.jpg,5
1212,images_sample,/home/jovyan/work/images/images_sample/dasypus-novemcinctus_64_5e59f1d4.jpg,5
1213,images_sample,/home/jovyan/work/images/images_sample/dasypus-novemcinctus_65_665b26a1.jpg,5
1214,images_sample,/home/jovyan/work/images/images_sample/dasypus-novemcinctus_65_6a48f127.jpg,5
1215,images_sample,/home/jovyan/work/images/images_sample/dasypus-novemcinctus_65_980d97de.jpg,5
1216,images_sample,/home/jovyan/work/images/images_sample/dasypus-novemcinctus_67_be025a04.jpg,5
1217,images_sample,/home/jovyan/work/images/images_sample/dasypus-novemcinctus_67_c8899003.jpg,5
1219,images_sample,/home/jovyan/work/images/images_sample/dasypus-novemcinctus_68_bfdc2e1f.jpg,5
1220,images_sample,/home/jovyan/work/images/images_sample/dasypus-novemcinctus_70_d6cf64ba.jpg,5
1221,images_sample,/home/jovyan/work/images/images_sample/dasypus-novemcinctus_74_658740af.jpg,5
1222,images_sample,/home/jovyan/work/images/images_sample/dasypus-novemcinctus_74_833b92d6.jpg,5
1223,images_sample,/home/jovyan/work/images/images_sample/dasypus-novemcinctus_75_52cdba4a.jpg,5
1224,images_sample,/home/jovyan/work/images/images_sample/dasypus-novemcinctus_76_ea7193da.jpg,5
1225,images_sample,/home/jovyan/work/images/images_sample/dasypus-novemcinctus_78_f7b07046.jpg,5
1228,images_sample,/home/jovyan/work/images/images_sample/dasypus-novemcinctus_91_45e707e4.jpg,5
1230,images_sample,/home/jovyan/work/images/images_sample/dasypus-novemcinctus_97_7e512461.jpg,5
1231,images_sample,/home/jovyan/work/images/images_sample/dasypus-novemcinctus_99_1ce261c4.jpg,5
1232,images_sample,/home/jovyan/work/images/images_sample/gorilla-gorilla_18_1476c31e.jpg,5
1233,images_sample,/home/jovyan/work/images/images_sample/gorilla-gorilla_21_804886df.jpg,5
1234,images_sample,/home/jovyan/work/images/images_sample/gorilla-gorilla_23_d838c50b.jpg,5
1235,images_sample,/home/jovyan/work/images/images_sample/gorilla-gorilla_27_8797df57.jpg,5
1237,images_sample,/home/jovyan/work/images/images_sample/gorilla-gorilla_32_aa1b207d.jpg,5
1238,images_sample,/home/jovyan/work/images/images_sample/gorilla-gorilla_34_b95f4054.jpg,5
1239,images_sample,/home/jovyan/work/images/images_sample/gorilla-gorilla_37_58d7cad7.jpg,5
1240,images_sample,/home/jovyan/work/images/images_sample/gorilla-gorilla_46_4e8125a0.jpg,5
1241,images_sample,/home/jovyan/work/images/images_sample/gorilla-gorilla_48_07ce1560.jpg,5
1242,images_sample,/home/jovyan/work/images/images_sample/gorilla-gorilla_48_80bd9679.jpg,5
1243,images_sample,/home/jovyan/work/images/images_sample/gorilla-gorilla_49_781da39b.jpg,5
1244,images_sample,/home/jovyan/work/images/images_sample/gorilla-gorilla_4_2e8527af.jpg,5
1245,images_sample,/home/jovyan/work/images/images_sample/gorilla-gorilla_52_5475d0cd.jpg,5
1246,images_sample,/home/jovyan/work/images/images_sample/gorilla-gorilla_54_16ee5fac.jpg,5
1247,images_sample,/home/jovyan/work/images/images_sample/gorilla-gorilla_55_35a55416.jpg,5
1248,images_sample,/home/jovyan/work/images/images_sample/gorilla-gorilla_56_084fd0ef.jpg,5
1249,images_sample,/home/jovyan/work/images/images_sample/gorilla-gorilla_56_cf50e287.jpg,5
1250,images_sample,/home/jovyan/work/images/images_sample/gorilla-gorilla_63_7a77c84a.jpg,5
1251,images_sample,/home/jovyan/work/images/images_sample/gorilla-gorilla_63_e0e4ed7e.jpg,5
1252,images_sample,/home/jovyan/work/images/images_sample/gorilla-gorilla_71_a9868599.jpg,5
1253,images_sample,/home/jovyan/work/images/images_sample/gorilla-gorilla_74_8d064408.jpg,5
1256,images_sample,/home/jovyan/work/images/images_sample/gorilla-gorilla_80_73c1da1a.jpg,5
1257,images_sample,onlyfaces/1257.jpg,5
1258,images_sample,onlyfaces/1258.jpg,5
1259,images_sample,/home/jovyan/work/images/images_sample/gorilla-gorilla_8_25020dfa.jpg,5
1260,images_sample,/home/jovyan/work/images/images_sample/gorilla-gorilla_90_06e935d0.jpg,5
1261,images_sample,/home/jovyan/work/images/images_sample/gorilla-gorilla_90_dcf17ed1.jpg,5
1263,images_sample,/home/jovyan/work/images/images_sample/gorilla-gorilla_95_3fd327d3.jpg,5
1264,images_sample,/home/jovyan/work/images/images_sample/gorilla-gorilla_96_2b66bc4e.jpg,5
1265,images_sample,onlyfaces/1265.jpg,5
1266,images_sample,/home/jovyan/work/images/images_sample/gorilla-gorilla_9_73b11deb.jpg,5
1268,images_sample,/home/jovyan/work/images/images_sample/martes-americana_100_fdcaae7e.jpg,5
1270,images_sample,/home/jovyan/work/images/images_sample/martes-americana_13_bb92a25f.jpg,5
1272,images_sample,/home/jovyan/work/images/images_sample/martes-americana_16_ab39f712.jpg,5
1274,images_sample,/home/jovyan/work/images/images_sample/martes-americana_18_b85524eb.jpg,5
1275,images_sample,/home/jovyan/work/images/images_sample/martes-americana_21_d51aafcd.jpg,5
1277,images_sample,/home/jovyan/work/images/images_sample/martes-americana_26_356790ff.jpg,5
1279,images_sample,/home/jovyan/work/images/images_sample/martes-americana_27_05ba10d2.jpg,5
1280,images_sample,/home/jovyan/work/images/images_sample/martes-americana_27_994bc6ed.jpg,5
1281,images_sample,/home/jovyan/work/images/images_sample/martes-americana_28_592bf9d1.jpg,5
1283,images_sample,/home/jovyan/work/images/images_sample/martes-americana_30_af9f4ff6.jpg,5
1284,images_sample,/home/jovyan/work/images/images_sample/martes-americana_36_036402a7.jpg,5
1286,images_sample,/home/jovyan/work/images/images_sample/martes-americana_37_e1a2c88d.jpg,5
1287,images_sample,/home/jovyan/work/images/images_sample/martes-americana_38_bd87c6d8.jpg,5
1288,images_sample,/home/jovyan/work/images/images_sample/martes-americana_39_4972b859.jpg,5
1289,images_sample,/home/jovyan/work/images/images_sample/martes-americana_39_d03656be.jpg,5
1290,images_sample,/home/jovyan/work/images/images_sample/martes-americana_3_83647d03.jpg,5
1291,images_sample,/home/jovyan/work/images/images_sample/martes-americana_40_714754c8.jpg,5
1292,images_sample,/home/jovyan/work/images/images_sample/martes-americana_43_c4b165ac.jpg,5
1293,images_sample,/home/jovyan/work/images/images_sample/martes-americana_44_97fc5aee.jpg,5
1295,images_sample,onlyfaces/1295.jpg,5
1296,images_sample,onlyfaces/1296.jpg,5
1298,images_sample,/home/jovyan/work/images/images_sample/martes-americana_51_86c23848.jpg,5
1299,images_sample,/home/jovyan/work/images/images_sample/martes-americana_53_2cd22146.jpg,5
1300,images_sample,/home/jovyan/work/images/images_sample/martes-americana_54_0401bb0d.jpg,5
1302,images_sample,/home/jovyan/work/images/images_sample/martes-americana_57_57c83c7a.jpg,5
1303,images_sample,/home/jovyan/work/images/images_sample/martes-americana_5_718ab04a.jpg,5
1304,images_sample,/home/jovyan/work/images/images_sample/martes-americana_66_4a05346a.jpg,5
1307,images_sample,/home/jovyan/work/images/images_sample/martes-americana_67_2a95f36b.jpg,5
1308,images_sample,/home/jovyan/work/images/images_sample/martes-americana_67_52e612ac.jpg,5
1310,images_sample,/home/jovyan/work/images/images_sample/martes-americana_73_61e11bb5.jpg,5
1311,images_sample,/home/jovyan/work/images/images_sample/martes-americana_76_9314f5c1.jpg,5
1313,images_sample,/home/jovyan/work/images/images_sample/martes-americana_7_99ee0a01.jpg,5
1314,images_sample,/home/jovyan/work/images/images_sample/martes-americana_80_ce4d6210.jpg,5
1315,images_sample,/home/jovyan/work/images/images_sample/martes-americana_83_89247ff3.jpg,5
1317,images_sample,/home/jovyan/work/images/images_sample/martes-americana_87_a57e8b6a.jpg,5
1318,images_sample,/home/jovyan/work/images/images_sample/martes-americana_89_351b9cad.jpg,5
1319,images_sample,/home/jovyan/work/images/images_sample/martes-americana_89_5b236142.jpg,5
1322,images_sample,/home/jovyan/work/images/images_sample/martes-americana_91_4a3d8321.jpg,5
1323,images_sample,/home/jovyan/work/images/images_sample/martes-americana_92_f5a62dc0.jpg,5
1324,images_sample,/home/jovyan/work/images/images_sample/martes-americana_93_6b048752.jpg,5
1328,images_sample,/home/jovyan/work/images/images_sample/mellisuga-helenae_13_a888630d.jpg,5
1330,images_sample,/home/jovyan/work/images/images_sample/mellisuga-helenae_17_8871d4e4.jpg,5
1331,images_sample,/home/jovyan/work/images/images_sample/mellisuga-helenae_23_56c7b59f.jpg,5
1332,images_sample,/home/jovyan/work/images/images_sample/mellisuga-helenae_25_9a3f8376.jpg,5
1333,images_sample,/home/jovyan/work/images/images_sample/mellisuga-helenae_30_b3c3ef78.jpg,5
1334,images_sample,/home/jovyan/work/images/images_sample/mellisuga-helenae_33_8a74ef4f.jpg,5
1337,images_sample,/home/jovyan/work/images/images_sample/mellisuga-helenae_57_3f8ce713.jpg,5
1338,images_sample,/home/jovyan/work/images/images_sample/mellisuga-helenae_60_0ef80432.jpg,5
1339,images_sample,/home/jovyan/work/images/images_sample/mellisuga-helenae_64_ca986fad.jpg,5
1340,images_sample,onlyfaces/1340.jpg,5
1341,images_sample,/home/jovyan/work/images/images_sample/mellisuga-helenae_7_3dac8d9c.jpg,5
1342,images_sample,/home/jovyan/work/images/images_sample/mellisuga-helenae_7_da966b2b.jpg,5
1343,images_sample,/home/jovyan/work/images/images_sample/mellisuga-helenae_80_e3e9f698.jpg,5
1345,images_sample,/home/jovyan/work/images/images_sample/mellisuga-helenae_91_5b5a3428.jpg,5
1346,images_sample,/home/jovyan/work/images/images_sample/mellisuga-helenae_91_9fcc6ee2.jpg,5
1347,images_sample,/home/jovyan/work/images/images_sample/mellisuga-helenae_91_9ff058d4.jpg,5
1348,images_sample,/home/jovyan/work/images/images_sample/mellisuga-helenae_93_2eb8ab53.jpg,5
1349,images_sample,/home/jovyan/work/images/images_sample/mellisuga-helenae_94_c9554f06.jpg,5
1350,images_sample,/home/jovyan/work/images/images_sample/mellisuga-helenae_98_b478fba8.jpg,5
1351,images_sample,/home/jovyan/work/images/images_sample/pantherophis-alleghaniensis_16_804c4a48.jpg,5
1352,images_sample,/home/jovyan/work/images/images_sample/pantherophis-alleghaniensis_1_4660f031.jpg,5
1353,images_sample,/home/jovyan/work/images/images_sample/pantherophis-alleghaniensis_22_f5bc29a9.jpg,5
1356,images_sample,/home/jovyan/work/images/images_sample/pantherophis-alleghaniensis_26_c6bf9f00.jpg,5
1358,images_sample,/home/jovyan/work/images/images_sample/pantherophis-alleghaniensis_29_61b40235.jpg,5
1359,images_sample,/home/jovyan/work/images/images_sample/pantherophis-alleghaniensis_2_d0b002c0.jpg,5
1361,images_sample,/home/jovyan/work/images/images_sample/pantherophis-alleghaniensis_36_b7cee827.jpg,5
1364,images_sample,/home/jovyan/work/images/images_sample/pantherophis-alleghaniensis_39_1f75eda8.jpg,5
1366,images_sample,/home/jovyan/work/images/images_sample/pantherophis-alleghaniensis_39_a5f362c1.jpg,5
1368,images_sample,/home/jovyan/work/images/images_sample/pantherophis-alleghaniensis_41_73ef8589.jpg,5
1369,images_sample,/home/jovyan/work/images/images_sample/pantherophis-alleghaniensis_41_828ba340.jpg,5
1370,images_sample,/home/jovyan/work/images/images_sample/pantherophis-alleghaniensis_42_6411f19d.jpg,5
1371,images_sample,/home/jovyan/work/images/images_sample/pantherophis-alleghaniensis_51_08717996.jpg,5
1374,images_sample,/home/jovyan/work/images/images_sample/pantherophis-alleghaniensis_59_181ff48c.jpg,5
1375,images_sample,/home/jovyan/work/images/images_sample/pantherophis-alleghaniensis_5_47a1d5d7.jpg,5
1376,images_sample,/home/jovyan/work/images/images_sample/pantherophis-alleghaniensis_60_52e7ab5e.jpg,5
1377,images_sample,/home/jovyan/work/images/images_sample/pantherophis-alleghaniensis_61_0bb0fc54.jpg,5
1379,images_sample,/home/jovyan/work/images/images_sample/pantherophis-alleghaniensis_61_b68472e1.jpg,5
1380,images_sample,/home/jovyan/work/images/images_sample/pantherophis-alleghaniensis_62_3a0ac48a.jpg,5
1381,images_sample,/home/jovyan/work/images/images_sample/pantherophis-alleghaniensis_63_54551105.jpg,5
1382,images_sample,/home/jovyan/work/images/images_sample/pantherophis-alleghaniensis_65_1d0293c5.jpg,5
1383,images_sample,/home/jovyan/work/images/images_sample/pantherophis-alleghaniensis_68_e2c3a3f1.jpg,5
1384,images_sample,/home/jovyan/work/images/images_sample/pantherophis-alleghaniensis_6_4c897b9b.jpg,5
1386,images_sample,/home/jovyan/work/images/images_sample/pantherophis-alleghaniensis_73_4a2fb253.jpg,5
1388,images_sample,/home/jovyan/work/images/images_sample/pantherophis-alleghaniensis_77_8668a37c.jpg,5
1390,images_sample,/home/jovyan/work/images/images_sample/pantherophis-alleghaniensis_79_410b5fe7.jpg,5
1392,images_sample,/home/jovyan/work/images/images_sample/pantherophis-alleghaniensis_79_9502f794.jpg,5
1394,images_sample,/home/jovyan/work/images/images_sample/pantherophis-alleghaniensis_7_7b33f806.jpg,5
1396,images_sample,/home/jovyan/work/images/images_sample/pantherophis-alleghaniensis_80_634de0b4.jpg,5
1397,images_sample,/home/jovyan/work/images/images_sample/pantherophis-alleghaniensis_83_15de80ae.jpg,5
1398,images_sample,/home/jovyan/work/images/images_sample/pantherophis-alleghaniensis_83_2a88f876.jpg,5
1399,images_sample,/home/jovyan/work/images/images_sample/pantherophis-alleghaniensis_86_6476d33b.jpg,5
1400,images_sample,/home/jovyan/work/images/images_sample/pantherophis-alleghaniensis_86_ed0ab3bf.jpg,5
1401,images_sample,/home/jovyan/work/images/images_sample/pantherophis-alleghaniensis_87_55f70570.jpg,5
1402,images_sample,/home/jovyan/work/images/images_sample/pantherophis-alleghaniensis_95_093c3fe1.jpg,5
1403,images_sample,/home/jovyan/work/images/images_sample/pantherophis-alleghaniensis_95_4b628cd9.jpg,5
1404,images_sample,/home/jovyan/work/images/images_sample/pantherophis-alleghaniensis_98_4be8a6f4.jpg,5
1406,images_sample,/home/jovyan/work/images/images_sample/pantherophis-alleghaniensis_9_be59231b.jpg,5
1408,images_sample,/home/jovyan/work/images/images_sample/tursiops-truncatus_19_a57528b1.jpg,5
1410,images_sample,/home/jovyan/work/images/images_sample/tursiops-truncatus_23_6b3214b7.jpg,5
1411,images_sample,/home/jovyan/work/images/images_sample/tursiops-truncatus_33_cd3753cf.jpg,5
1412,images_sample,/home/jovyan/work/images/images_sample/tursiops-truncatus_33_eca5b64f.jpg,5
1415,images_sample,/home/jovyan/work/images/images_sample/tursiops-truncatus_5_0d4656bb.jpg,5
1416,images_sample,/home/jovyan/work/images/images_sample/tursiops-truncatus_62_974f1b75.jpg,5
1417,images_sample,/home/jovyan/work/images/images_sample/tursiops-truncatus_64_7a14d9a4.jpg,5
1418,images_sample,/home/jovyan/work/images/images_sample/tursiops-truncatus_65_2a082a18.jpg,5
1420,images_sample,/home/jovyan/work/images/images_sample/tursiops-truncatus_71_4cf7e799.jpg,5
1421,images_sample,/home/jovyan/work/images/images_sample/tursiops-truncatus_75_836dd83d.jpg,5
1422,images_sample,/home/jovyan/work/images/images_sample/tursiops-truncatus_79_04184e0f.jpg,5
1423,images_sample,/home/jovyan/work/images/images_sample/tursiops-truncatus_84_d7d64903.jpg,5
1425,images_sample,/home/jovyan/work/images/images_sample/tursiops-truncatus_91_18e50f66.jpg,5
1427,images_sample,/home/jovyan/work/images/images_sample/tursiops-truncatus_9_12d33d67.jpg,5
1428,images_sample,/home/jovyan/work/images/images_sample/tyrannus-tyrannus_15_29754491.jpg,5
1429,images_sample,/home/jovyan/work/images/images_sample/tyrannus-tyrannus_16_55d1b52b.jpg,5
1430,images_sample,/home/jovyan/work/images/images_sample/tyrannus-tyrannus_21_8260519a.jpg,5
1431,images_sample,/home/jovyan/work/images/images_sample/tyrannus-tyrannus_22_92ab2dcf.jpg,5
1432,images_sample,/home/jovyan/work/images/images_sample/tyrannus-tyrannus_23_3263a1b7.jpg,5
1433,images_sample,/home/jovyan/work/images/images_sample/tyrannus-tyrannus_26_b5b8db25.jpg,5
1436,images_sample,/home/jovyan/work/images/images_sample/tyrannus-tyrannus_48_af88c5f3.jpg,5
1439,images_sample,/home/jovyan/work/images/images_sample/tyrannus-tyrannus_56_8d4959c8.jpg,5
1441,images_sample,/home/jovyan/work/images/images_sample/tyrannus-tyrannus_6_6b517b48.jpg,5
1443,images_sample,/home/jovyan/work/images/images_sample/tyrannus-tyrannus_72_59c1266e.jpg,5
1444,images_sample,/home/jovyan/work/images/images_sample/tyrannus-tyrannus_72_a4d45b02.jpg,5
1446,images_sample,/home/jovyan/work/images/images_sample/tyrannus-tyrannus_77_800cf9d8.jpg,5
1448,images_sample,/home/jovyan/work/images/images_sample/tyrannus-tyrannus_78_97bf425c.jpg,5
1449,images_sample,/home/jovyan/work/images/images_sample/tyrannus-tyrannus_79_0f6f44f8.jpg,5
1450,images_sample,/home/jovyan/work/images/images_sample/tyrannus-tyrannus_80_1d238f25.jpg,5
1452,images_sample,/home/jovyan/work/images/images_sample/tyrannus-tyrannus_88_f5a46449.jpg,5
1453,images_sample,/home/jovyan/work/images/images_sample/tyrannus-tyrannus_8_8fe5669e.jpg,5
1454,images_sample,/home/jovyan/work/images/images_sample/tyrannus-tyrannus_90_eb5694cd.jpg,5
1455,images_sample,/home/jovyan/work/images/images_sample/tyrannus-tyrannus_91_27b18678.jpg,5
1456,images_sample,/home/jovyan/work/images/images_sample/tyrannus-tyrannus_94_f184bf2f.jpg,5
1457,images_sample,/home/jovyan/work/images/images_sample/tyrannus-tyrannus_97_7a5fa77b.jpg,5
1458,images_sample,/home/jovyan/work/images/images_sample/ursus-maritimus_0_765622b5.jpg,5
1459,images_sample,/home/jovyan/work/images/images_sample/ursus-maritimus_11_1e28e794.jpg,5
1460,images_sample,/home/jovyan/work/images/images_sample/ursus-maritimus_15_30dbd638.jpg,5
1462,images_sample,/home/jovyan/work/images/images_sample/ursus-maritimus_24_0bda0430.jpg,5
1463,images_sample,/home/jovyan/work/images/images_sample/ursus-maritimus_25_212c3459.jpg,5
1464,images_sample,/home/jovyan/work/images/images_sample/ursus-maritimus_26_40c9130a.jpg,5
1466,images_sample,/home/jovyan/work/images/images_sample/ursus-maritimus_3_9fd24d2d.jpg,5
1467,images_sample,/home/jovyan/work/images/images_sample/ursus-maritimus_41_abae9807.jpg,5
1468,images_sample,/home/jovyan/work/images/images_sample/ursus-maritimus_42_e7c8f707.jpg,5
1469,images_sample,/home/jovyan/work/images/images_sample/ursus-maritimus_55_df26afa5.jpg,5
1470,images_sample,/home/jovyan/work/images/images_sample/ursus-maritimus_77_ff7833d7.jpg,5
1473,images_sample,/home/jovyan/work/images/images_sample/ursus-maritimus_86_669d13c0.jpg,5
1475,images_sample,/home/jovyan/work/images/images_sample/ursus-maritimus_92_f4b5e45b.jpg,5
1476,images_sample,/home/jovyan/work/images/images_sample/ursus-maritimus_95_a0780566.jpg,5
1477,images_sample,/home/jovyan/work/images/images_sample/ursus-maritimus_98_5c20dd64.jpg,5
1482,Khromova_AV,onlyfaces/1482.jpg,6
1483,Khromova_AV,onlyfaces/1483.jpg,6
1484,Khromova_AV,onlyfaces/1484.jpg,6
1485,Khromova_AV,onlyfaces/1485.jpg,6
1486,Khromova_AV,onlyfaces/1486.jpg,6
1487,Khromova_AV,onlyfaces/1487.jpg,6
1488,Khromova_AV,/home/jovyan/work/images/Khromova_AV/109.jpg,6
1489,Khromova_AV,onlyfaces/1489.jpg,6
1490,Khromova_AV,onlyfaces/1490.jpg,6
1491,Khromova_AV,onlyfaces/1491.jpg,6
1492,Khromova_AV,onlyfaces/1492.jpg,6
1493,Khromova_AV,onlyfaces/1493.jpg,6
1494,Khromova_AV,onlyfaces/1494.jpg,6
1496,Khromova_AV,onlyfaces/1496.jpg,6
1497,Khromova_AV,onlyfaces/1497.jpg,6
1498,Khromova_AV,onlyfaces/1498.jpg,6
1502,Khromova_AV,onlyfaces/1502.jpg,6
1504,Khromova_AV,onlyfaces/1504.jpg,6
1507,Khromova_AV,onlyfaces/1507.jpg,6
1508,Khromova_AV,onlyfaces/1508.jpg,6
1509,Khromova_AV,onlyfaces/1509.jpg,6
1510,Khromova_AV,onlyfaces/1510.jpg,6
1511,Khromova_AV,onlyfaces/1511.jpg,6
1513,Khromova_AV,onlyfaces/1513.jpg,6
1515,Khromova_AV,onlyfaces/1515.jpg,6
1516,Khromova_AV,onlyfaces/1516.jpg,6
1519,Khromova_AV,onlyfaces/1519.jpg,6
1520,Khromova_AV,onlyfaces/1520.jpg,6
1521,Khromova_AV,onlyfaces/1521.jpg,6
1522,Khromova_AV,onlyfaces/1522.jpg,6
1523,Khromova_AV,onlyfaces/1523.jpg,6
1525,Khromova_AV,onlyfaces/1525.jpg,6
1526,Khromova_AV,onlyfaces/1526.jpg,6
1527,Khromova_AV,/home/jovyan/work/images/Khromova_AV/159.jpg,6
1528,Khromova_AV,onlyfaces/1528.jpg,6
1530,Khromova_AV,/home/jovyan/work/images/Khromova_AV/162.jpg,6
1532,Khromova_AV,/home/jovyan/work/images/Khromova_AV/164.jpg,6
1533,Khromova_AV,/home/jovyan/work/images/Khromova_AV/166.jpg,6
1534,Khromova_AV,onlyfaces/1534.jpg,6
1535,Khromova_AV,onlyfaces/1535.jpg,6
1536,Khromova_AV,onlyfaces/1536.jpg,6
1537,Khromova_AV,onlyfaces/1537.jpg,6
1538,Khromova_AV,onlyfaces/1538.jpg,6
1539,Khromova_AV,onlyfaces/1539.jpg,6
1541,Khromova_AV,onlyfaces/1541.jpg,6
1542,Khromova_AV,onlyfaces/1542.jpg,6
1543,Khromova_AV,onlyfaces/1543.jpg,6
1544,Khromova_AV,/home/jovyan/work/images/Khromova_AV/181.jpg,6
1545,Khromova_AV,/home/jovyan/work/images/Khromova_AV/182.jpg,6
1546,Khromova_AV,onlyfaces/1546.jpg,6
1547,Khromova_AV,onlyfaces/1547.jpg,6
1548,Khromova_AV,onlyfaces/1548.jpg,6
1549,Khromova_AV,onlyfaces/1549.jpg,6
1550,Khromova_AV,onlyfaces/1550.jpg,6
1551,Khromova_AV,onlyfaces/1551.jpg,6
1554,Khromova_AV,onlyfaces/1554.jpg,6
1555,Khromova_AV,onlyfaces/1555.jpg,6
1556,Khromova_AV,onlyfaces/1556.jpg,6
1557,Khromova_AV,onlyfaces/1557.jpg,6
1559,Khromova_AV,/home/jovyan/work/images/Khromova_AV/195.jpg,6
1560,Khromova_AV,onlyfaces/1560.jpg,6
1562,Khromova_AV,onlyfaces/1562.jpg,6
1563,Khromova_AV,onlyfaces/1563.jpg,6
1564,Khromova_AV,/home/jovyan/work/images/Khromova_AV/2.jpg,6
1567,Khromova_AV,onlyfaces/1567.jpg,6
1568,Khromova_AV,/home/jovyan/work/images/Khromova_AV/202.jpg,6
1569,Khromova_AV,/home/jovyan/work/images/Khromova_AV/203.jpg,6
1570,Khromova_AV,onlyfaces/1570.jpg,6
1571,Khromova_AV,onlyfaces/1571.jpg,6
1572,Khromova_AV,onlyfaces/1572.jpg,6
1573,Khromova_AV,onlyfaces/1573.jpg,6
1574,Khromova_AV,onlyfaces/1574.jpg,6
1579,Khromova_AV,onlyfaces/1579.jpg,6
1580,Khromova_AV,onlyfaces/1580.jpg,6
1582,Khromova_AV,onlyfaces/1582.jpg,6
1583,Khromova_AV,onlyfaces/1583.jpg,6
1585,Khromova_AV,onlyfaces/1585.jpg,6
1586,Khromova_AV,onlyfaces/1586.jpg,6
1588,Khromova_AV,onlyfaces/1588.jpg,6
1590,Khromova_AV,onlyfaces/1590.jpg,6
1591,Khromova_AV,onlyfaces/1591.jpg,6
1592,Khromova_AV,onlyfaces/1592.jpg,6
1593,Khromova_AV,onlyfaces/1593.jpg,6
1595,Khromova_AV,onlyfaces/1595.jpg,6
1596,Khromova_AV,onlyfaces/1596.jpg,6
1597,Khromova_AV,onlyfaces/1597.jpg,6
1598,Khromova_AV,/home/jovyan/work/images/Khromova_AV/25.jpg,6
1601,Khromova_AV,onlyfaces/1601.jpg,6
1602,Khromova_AV,onlyfaces/1602.jpg,6
1603,Khromova_AV,onlyfaces/1603.jpg,6
1604,Khromova_AV,onlyfaces/1604.jpg,6
1605,Khromova_AV,onlyfaces/1605.jpg,6
1606,Khromova_AV,onlyfaces/1606.jpg,6
1608,Khromova_AV,onlyfaces/1608.jpg,6
1610,Khromova_AV,onlyfaces/1610.jpg,6
1612,Khromova_AV,/home/jovyan/work/images/Khromova_AV/27.jpg,6
1613,Khromova_AV,onlyfaces/1613.jpg,6
1615,Khromova_AV,onlyfaces/1615.jpg,6
1616,Khromova_AV,onlyfaces/1616.jpg,6
1618,Khromova_AV,onlyfaces/1618.jpg,6
1619,Khromova_AV,onlyfaces/1619.jpg,6
1620,Khromova_AV,onlyfaces/1620.jpg,6
1621,Khromova_AV,onlyfaces/1621.jpg,6
1622,Khromova_AV,onlyfaces/1622.jpg,6
1624,Khromova_AV,onlyfaces/1624.jpg,6
1626,Khromova_AV,onlyfaces/1626.jpg,6
1627,Khromova_AV,onlyfaces/1627.jpg,6
1631,Khromova_AV,onlyfaces/1631.jpg,6
1632,Khromova_AV,onlyfaces/1632.jpg,6
1633,Khromova_AV,/home/jovyan/work/images/Khromova_AV/4.jpg,6
1634,Khromova_AV,onlyfaces/1634.jpg,6
1636,Khromova_AV,onlyfaces/1636.jpg,6
1637,Khromova_AV,onlyfaces/1637.jpg,6
1638,Khromova_AV,onlyfaces/1638.jpg,6
1639,Khromova_AV,onlyfaces/1639.jpg,6
1640,Khromova_AV,onlyfaces/1640.jpg,6
1641,Khromova_AV,onlyfaces/1641.jpg,6
1642,Khromova_AV,onlyfaces/1642.jpg,6
1643,Khromova_AV,onlyfaces/1643.jpg,6
1645,Khromova_AV,onlyfaces/1645.jpg,6
1646,Khromova_AV,onlyfaces/1646.jpg,6
1647,Khromova_AV,onlyfaces/1647.jpg,6
1648,Khromova_AV,onlyfaces/1648.jpg,6
1649,Khromova_AV,onlyfaces/1649.jpg,6
1650,Khromova_AV,onlyfaces/1650.jpg,6
1651,Khromova_AV,onlyfaces/1651.jpg,6
1652,Khromova_AV,onlyfaces/1652.jpg,6
1653,Khromova_AV,onlyfaces/1653.jpg,6
1654,Khromova_AV,onlyfaces/1654.jpg,6
1656,Khromova_AV,onlyfaces/1656.jpg,6
1657,Khromova_AV,onlyfaces/1657.jpg,6
1659,Khromova_AV,onlyfaces/1659.jpg,6
1660,Khromova_AV,onlyfaces/1660.jpg,6
1662,Khromova_AV,onlyfaces/1662.jpg,6
1663,Khromova_AV,onlyfaces/1663.jpg,6
1664,Khromova_AV,onlyfaces/1664.jpg,6
1667,Khromova_AV,onlyfaces/1667.jpg,6
1668,Khromova_AV,onlyfaces/1668.jpg,6
1669,Khromova_AV,onlyfaces/1669.jpg,6
1671,Khromova_AV,onlyfaces/1671.jpg,6
1672,Khromova_AV,onlyfaces/1672.jpg,6
1673,Khromova_AV,onlyfaces/1673.jpg,6
1675,Khromova_AV,onlyfaces/1675.jpg,6
1676,Khromova_AV,onlyfaces/1676.jpg,6
1678,Khromova_AV,onlyfaces/1678.jpg,6
1680,Khromova_AV,onlyfaces/1680.jpg,6
1681,Khromova_AV,onlyfaces/1681.jpg,6
1682,Khromova_AV,onlyfaces/1682.jpg,6
1683,Khromova_AV,onlyfaces/1683.jpg,6
1686,Khromova_AV,onlyfaces/1686.jpg,6
1687,Khromova_AV,onlyfaces/1687.jpg,6
1688,Khromova_AV,onlyfaces/1688.jpg,6
1689,Pochkin_TA,onlyfaces/1689.jpg,7
1692,Pochkin_TA,onlyfaces/1692.jpg,7
1693,Pochkin_TA,onlyfaces/1693.jpg,7
1694,Pochkin_TA,onlyfaces/1694.jpg,7
1695,Pochkin_TA,onlyfaces/1695.jpg,7
1696,Pochkin_TA,onlyfaces/1696.jpg,7
1697,Pochkin_TA,onlyfaces/1697.jpg,7
1698,Pochkin_TA,onlyfaces/1698.jpg,7
1700,Pochkin_TA,onlyfaces/1700.jpg,7
1701,Pochkin_TA,onlyfaces/1701.jpg,7
1702,Pochkin_TA,onlyfaces/1702.jpg,7
1703,Pochkin_TA,onlyfaces/1703.jpg,7
1705,Pochkin_TA,onlyfaces/1705.jpg,7
1706,Pochkin_TA,onlyfaces/1706.jpg,7
1707,Pochkin_TA,onlyfaces/1707.jpg,7
1708,Pochkin_TA,onlyfaces/1708.jpg,7
1709,Pochkin_TA,onlyfaces/1709.jpg,7
1711,Pochkin_TA,onlyfaces/1711.jpg,7
1712,Pochkin_TA,onlyfaces/1712.jpg,7
1714,Pochkin_TA,onlyfaces/1714.jpg,7
1715,Pochkin_TA,onlyfaces/1715.jpg,7
1716,Pochkin_TA,onlyfaces/1716.jpg,7
1718,Pochkin_TA,onlyfaces/1718.jpg,7
1719,Pochkin_TA,onlyfaces/1719.jpg,7
1720,Pochkin_TA,onlyfaces/1720.jpg,7
1723,Pochkin_TA,onlyfaces/1723.jpg,7
1724,Pochkin_TA,onlyfaces/1724.jpg,7
1725,Pochkin_TA,onlyfaces/1725.jpg,7
1726,Pochkin_TA,onlyfaces/1726.jpg,7
1727,Pochkin_TA,onlyfaces/1727.jpg,7
1728,Pochkin_TA,onlyfaces/1728.jpg,7
1730,Pochkin_TA,onlyfaces/1730.jpg,7
1734,Pochkin_TA,onlyfaces/1734.jpg,7
1735,Pochkin_TA,onlyfaces/1735.jpg,7
1736,Pochkin_TA,onlyfaces/1736.jpg,7
1737,Pochkin_TA,onlyfaces/1737.jpg,7
1741,Pochkin_TA,onlyfaces/1741.jpg,7
1742,Pochkin_TA,onlyfaces/1742.jpg,7
1743,Pochkin_TA,onlyfaces/1743.jpg,7
1744,Pochkin_TA,onlyfaces/1744.jpg,7
1746,Pochkin_TA,onlyfaces/1746.jpg,7
1748,Pochkin_TA,onlyfaces/1748.jpg,7
1749,Pochkin_TA,onlyfaces/1749.jpg,7
1750,Pochkin_TA,onlyfaces/1750.jpg,7
1751,Pochkin_TA,onlyfaces/1751.jpg,7
1752,Pochkin_TA,onlyfaces/1752.jpg,7
1753,Pochkin_TA,onlyfaces/1753.jpg,7
1755,Pochkin_TA,onlyfaces/1755.jpg,7
1756,Pochkin_TA,onlyfaces/1756.jpg,7
1757,Pochkin_TA,onlyfaces/1757.jpg,7
1759,Pochkin_TA,onlyfaces/1759.jpg,7
1760,Pochkin_TA,onlyfaces/1760.jpg,7
1761,Pochkin_TA,onlyfaces/1761.jpg,7
1764,Pochkin_TA,onlyfaces/1764.jpg,7
1765,Pochkin_TA,onlyfaces/1765.jpg,7
1766,Pochkin_TA,onlyfaces/1766.jpg,7
1767,Pochkin_TA,onlyfaces/1767.jpg,7
1770,Pochkin_TA,onlyfaces/1770.jpg,7
1771,Pochkin_TA,onlyfaces/1771.jpg,7
1772,Pochkin_TA,onlyfaces/1772.jpg,7
1773,Pochkin_TA,onlyfaces/1773.jpg,7
1775,Pochkin_TA,onlyfaces/1775.jpg,7
1776,Pochkin_TA,onlyfaces/1776.jpg,7
1777,Pochkin_TA,onlyfaces/1777.jpg,7
1778,Pochkin_TA,onlyfaces/1778.jpg,7
1779,Pochkin_TA,onlyfaces/1779.jpg,7
1781,Pochkin_TA,onlyfaces/1781.jpg,7
1782,Pochkin_TA,onlyfaces/1782.jpg,7
1783,Pochkin_TA,onlyfaces/1783.jpg,7
1784,Pochkin_TA,onlyfaces/1784.jpg,7
1785,Pochkin_TA,onlyfaces/1785.jpg,7
1786,Pochkin_TA,onlyfaces/1786.jpg,7
1787,Pochkin_TA,onlyfaces/1787.jpg,7
1788,Pochkin_TA,onlyfaces/1788.jpg,7
1789,Pochkin_TA,onlyfaces/1789.jpg,7
1790,Pochkin_TA,onlyfaces/1790.jpg,7
1791,Pochkin_TA,onlyfaces/1791.jpg,7
1792,Pochkin_TA,onlyfaces/1792.jpg,7
1793,Pochkin_TA,onlyfaces/1793.jpg,7
1794,Pochkin_TA,onlyfaces/1794.jpg,7
1795,Pochkin_TA,onlyfaces/1795.jpg,7
1796,Pochkin_TA,onlyfaces/1796.jpg,7
1797,Pochkin_TA,onlyfaces/1797.jpg,7
1799,Pochkin_TA,onlyfaces/1799.jpg,7
1801,Pochkin_TA,onlyfaces/1801.jpg,7
1802,Pochkin_TA,onlyfaces/1802.jpg,7
1803,Pochkin_TA,onlyfaces/1803.jpg,7
1806,Pochkin_TA,onlyfaces/1806.jpg,7
1807,Pochkin_TA,onlyfaces/1807.jpg,7
1809,Pochkin_TA,onlyfaces/1809.jpg,7
1810,Pochkin_TA,onlyfaces/1810.jpg,7
1811,Pochkin_TA,onlyfaces/1811.jpg,7
1812,Pochkin_TA,onlyfaces/1812.jpg,7
1813,Pochkin_TA,onlyfaces/1813.jpg,7
1814,Pochkin_TA,onlyfaces/1814.jpg,7
1815,Pochkin_TA,onlyfaces/1815.jpg,7
1817,Pochkin_TA,onlyfaces/1817.jpg,7
1818,Pochkin_TA,onlyfaces/1818.jpg,7
1820,Pochkin_TA,onlyfaces/1820.jpg,7
1821,Pochkin_TA,onlyfaces/1821.jpg,7
1822,Pochkin_TA,onlyfaces/1822.jpg,7
1823,Pochkin_TA,onlyfaces/1823.jpg,7
1824,Pochkin_TA,onlyfaces/1824.jpg,7
1825,Pochkin_TA,onlyfaces/1825.jpg,7
1827,Pochkin_TA,onlyfaces/1827.jpg,7
1828,Pochkin_TA,onlyfaces/1828.jpg,7
1830,Pochkin_TA,onlyfaces/1830.jpg,7
1832,Pochkin_TA,onlyfaces/1832.jpg,7
1834,Pochkin_TA,onlyfaces/1834.jpg,7
1835,Pochkin_TA,onlyfaces/1835.jpg,7
1836,Pochkin_TA,onlyfaces/1836.jpg,7
1837,Pochkin_TA,onlyfaces/1837.jpg,7
1838,Pochkin_TA,onlyfaces/1838.jpg,7
1839,Pochkin_TA,onlyfaces/1839.jpg,7
1840,Pochkin_TA,onlyfaces/1840.jpg,7
1842,Pochkin_TA,onlyfaces/1842.jpg,7
1843,Pochkin_TA,onlyfaces/1843.jpg,7
1844,Pochkin_TA,onlyfaces/1844.jpg,7
1845,Pochkin_TA,onlyfaces/1845.jpg,7
1846,Pochkin_TA,onlyfaces/1846.jpg,7
1849,Pochkin_TA,onlyfaces/1849.jpg,7
1850,Pochkin_TA,onlyfaces/1850.jpg,7
1852,Pochkin_TA,onlyfaces/1852.jpg,7
1853,Pochkin_TA,onlyfaces/1853.jpg,7
1855,Pochkin_TA,onlyfaces/1855.jpg,7
1858,Pochkin_TA,onlyfaces/1858.jpg,7
1859,Pochkin_TA,onlyfaces/1859.jpg,7
1860,Pochkin_TA,onlyfaces/1860.jpg,7
1861,Pochkin_TA,onlyfaces/1861.jpg,7
1862,Pochkin_TA,onlyfaces/1862.jpg,7
1863,Pochkin_TA,onlyfaces/1863.jpg,7
1864,Pochkin_TA,onlyfaces/1864.jpg,7
1865,Pochkin_TA,onlyfaces/1865.jpg,7
1867,Pochkin_TA,onlyfaces/1867.jpg,7
1868,Pochkin_TA,onlyfaces/1868.jpg,7
1869,Pochkin_TA,onlyfaces/1869.jpg,7
1870,Pochkin_TA,onlyfaces/1870.jpg,7
1871,Pochkin_TA,onlyfaces/1871.jpg,7
1872,Pochkin_TA,onlyfaces/1872.jpg,7
1874,Pochkin_TA,onlyfaces/1874.jpg,7
1878,Pochkin_TA,onlyfaces/1878.jpg,7
1880,Pochkin_TA,onlyfaces/1880.jpg,7
1886,Pochkin_TA,onlyfaces/1886.jpg,7
1888,Pochkin_TA,onlyfaces/1888.jpg,7
